PassengerId,Transported
0013_01,1.0
0018_01,0.0
0019_01,1.0
0021_01,0.5151515151515151
0023_01,0.7424242424242424
0027_01,0.36363636363636365
0029_01,1.0
0032_01,1.0
0032_02,1.0
0033_01,0.5151515151515151
0037_01,0.030303030303030304
0040_01,0.0
0040_02,0.42424242424242425
0042_01,1.0
0046_01,0.0
0046_02,0.0
0046_03,0.06060606060606061
0047_01,1.0
0047_02,0.45454545454545453
0047_03,0.15151515151515152
0048_01,0.5454545454545454
0049_01,0.0
0054_01,1.0
0054_02,0.5151515151515151
0054_03,0.24242424242424243
0055_01,0.0
0057_01,0.8181818181818182
0059_01,1.0
0060_01,0.5454545454545454
0063_01,1.0
0065_01,1.0
0075_01,0.030303030303030304
0079_01,1.0
0080_01,0.6363636363636364
0083_01,0.06060606060606061
0087_01,0.0
0089_01,1.0
0093_01,0.5757575757575758
0094_01,0.7878787878787878
0094_02,0.0
0095_01,1.0
0096_01,0.21212121212121213
0100_01,0.9090909090909091
0100_02,1.0
0104_01,0.0
0106_01,1.0
0109_01,0.06060606060606061
0117_01,0.0
0118_01,0.7272727272727273
0121_01,0.06060606060606061
0124_01,1.0
0125_01,1.0
0125_02,0.18181818181818182
0130_01,1.0
0131_01,0.6666666666666666
0132_01,0.8181818181818182
0135_01,0.0
0137_01,1.0
0142_01,1.0
0142_02,0.030303030303030304
0142_03,1.0
0143_01,0.8181818181818182
0145_01,0.0
0150_01,1.0
0150_02,1.0
0153_01,0.2878787878787879
0154_01,1.0
0155_01,0.06060606060606061
0156_01,1.0
0157_01,0.0
0158_01,0.0
0158_02,0.7575757575757576
0159_01,0.06060606060606061
0161_01,0.0
0162_01,1.0
0166_01,0.9090909090909091
0168_01,1.0
0175_01,1.0
0175_02,1.0
0175_03,1.0
0175_04,1.0
0175_05,1.0
0176_01,0.030303030303030304
0180_01,0.06060606060606061
0184_01,0.6363636363636364
0185_01,0.8787878787878788
0187_01,1.0
0191_01,0.0
0194_01,1.0
0194_02,1.0
0194_03,0.0
0204_01,0.0
0208_01,0.4696969696969697
0209_01,0.0
0214_01,0.06060606060606061
0214_02,0.09090909090909091
0215_01,1.0
0218_01,0.0
0226_01,0.8484848484848485
0227_01,1.0
0228_01,1.0
0228_02,1.0
0228_03,1.0
0228_04,0.0
0230_01,1.0
0230_02,0.030303030303030304
0235_01,1.0
0236_01,1.0
0238_01,0.0
0247_01,1.0
0247_02,1.0
0249_01,0.0
0256_01,0.6363636363636364
0259_01,0.6060606060606061
0262_01,0.0
0264_01,1.0
0264_02,1.0
0264_03,0.0
0266_01,0.030303030303030304
0266_02,0.0
0268_01,0.0
0268_02,0.0
0271_01,0.030303030303030304
0272_01,0.0
0273_01,1.0
0273_02,1.0
0273_03,0.06060606060606061
0274_01,0.0
0274_02,0.36363636363636365
0276_01,0.0
0276_02,1.0
0279_01,0.030303030303030304
0280_01,0.5151515151515151
0284_01,1.0
0292_01,0.06060606060606061
0293_01,1.0
0295_01,0.21212121212121213
0296_01,0.0
0299_01,0.09090909090909091
0300_01,0.24242424242424243
0308_01,0.7878787878787878
0311_01,0.30303030303030304
0312_01,1.0
0317_01,0.0
0318_01,1.0
0319_01,0.0
0319_02,1.0
0323_01,1.0
0325_01,0.6060606060606061
0328_01,0.7272727272727273
0329_01,1.0
0332_01,1.0
0335_01,1.0
0339_01,0.0
0339_02,0.030303030303030304
0339_03,0.6060606060606061
0339_04,1.0
0339_05,1.0
0339_06,0.0
0339_07,0.06060606060606061
0339_08,0.0
0342_01,0.18181818181818182
0342_02,1.0
0344_01,1.0
0344_02,0.21212121212121213
0349_01,0.0
0349_02,1.0
0349_03,0.06060606060606061
0349_04,1.0
0349_05,0.030303030303030304
0349_06,0.09090909090909091
0351_01,1.0
0353_01,0.7878787878787878
0353_02,1.0
0354_01,0.5454545454545454
0362_01,0.6212121212121212
0363_01,0.18181818181818182
0363_02,0.8484848484848485
0363_03,1.0
0364_01,0.48484848484848486
0364_02,0.0
0366_01,1.0
0367_01,0.0
0374_01,0.09090909090909091
0374_02,0.0
0386_01,0.0
0390_01,1.0
0393_01,0.030303030303030304
0394_01,0.6666666666666666
0399_01,1.0
0400_01,1.0
0404_01,0.9393939393939394
0406_01,0.06060606060606061
0414_01,0.030303030303030304
0416_01,0.0
0418_01,0.0
0419_01,0.3939393939393939
0419_02,1.0
0419_03,1.0
0420_01,0.030303030303030304
0421_01,0.8787878787878788
0422_01,0.06060606060606061
0424_01,0.0
0426_01,0.0
0440_01,0.2727272727272727
0443_01,1.0
0450_01,0.12121212121212122
0451_01,1.0
0455_01,0.12121212121212122
0464_01,0.8484848484848485
0467_01,1.0
0467_02,0.8484848484848485
0467_03,1.0
0467_04,0.9696969696969697
0469_01,0.09090909090909091
0473_01,0.13636363636363635
0478_01,0.15151515151515152
0478_02,1.0
0479_01,1.0
0483_01,1.0
0483_02,1.0
0484_01,1.0
0486_01,0.6363636363636364
0489_01,1.0
0489_02,1.0
0491_01,0.42424242424242425
0492_01,0.030303030303030304
0493_01,1.0
0494_01,1.0
0494_02,0.09090909090909091
0495_01,1.0
0495_02,1.0
0495_03,1.0
0495_04,1.0
0495_05,0.0
0495_06,1.0
0496_01,0.7878787878787878
0496_02,1.0
0497_01,1.0
0505_01,0.0
0508_01,0.21212121212121213
0509_01,1.0
0511_01,0.09090909090909091
0514_01,1.0
0524_01,0.48484848484848486
0526_01,1.0
0530_01,0.030303030303030304
0530_02,0.030303030303030304
0530_03,1.0
0532_01,0.06060606060606061
0532_02,1.0
0535_01,0.030303030303030304
0536_01,0.15151515151515152
0536_02,0.030303030303030304
0541_01,1.0
0543_01,1.0
0544_01,0.9090909090909091
0554_01,0.0
0557_01,1.0
0557_02,1.0
0558_01,0.8787878787878788
0562_01,0.2727272727272727
0562_02,1.0
0574_01,0.015151515151515152
0578_01,1.0
0578_02,1.0
0584_01,1.0
0584_02,0.06060606060606061
0592_01,0.696969696969697
0595_01,1.0
0601_01,1.0
0604_01,0.9393939393939394
0605_01,0.0
0606_01,1.0
0613_01,1.0
0613_02,1.0
0616_01,0.030303030303030304
0617_01,0.0
0620_01,0.0
0620_02,0.6666666666666666
0620_03,0.7272727272727273
0621_01,0.030303030303030304
0622_01,0.030303030303030304
0624_01,0.5757575757575758
0625_01,1.0
0625_02,1.0
0625_03,1.0
0626_01,1.0
0626_02,1.0
0626_03,0.5757575757575758
0627_01,1.0
0632_01,0.030303030303030304
0632_02,0.09090909090909091
0632_03,1.0
0640_01,1.0
0640_02,1.0
0648_01,0.0
0648_02,0.0
0649_01,1.0
0651_01,1.0
0652_01,1.0
0652_02,1.0
0652_03,1.0
0652_04,0.06060606060606061
0652_05,1.0
0654_01,0.7272727272727273
0662_01,0.5151515151515151
0666_01,0.8484848484848485
0666_02,0.803030303030303
0667_01,0.030303030303030304
0670_01,0.15151515151515152
0670_02,0.0
0673_01,1.0
0675_01,0.36363636363636365
0676_01,0.45454545454545453
0681_01,1.0
0692_01,0.6363636363636364
0694_01,1.0
0695_01,1.0
0698_01,0.030303030303030304
0700_01,0.12121212121212122
0706_01,1.0
0708_01,1.0
0708_02,1.0
0711_01,0.0
0716_01,0.0
0717_01,1.0
0717_02,0.06060606060606061
0717_03,1.0
0717_04,1.0
0717_05,0.030303030303030304
0717_06,0.2727272727272727
0717_07,1.0
0720_01,1.0
0720_02,1.0
0720_03,0.0
0721_01,0.45454545454545453
0722_01,0.06060606060606061
0723_01,0.0
0725_01,1.0
0730_01,0.30303030303030304
0731_01,0.06060606060606061
0731_02,0.18181818181818182
0735_01,0.12121212121212122
0739_01,0.9393939393939394
0741_01,0.12121212121212122
0742_01,0.8787878787878788
0742_02,1.0
0744_01,0.7878787878787878
0745_01,0.030303030303030304
0747_01,0.030303030303030304
0748_01,1.0
0748_02,0.0
0749_01,1.0
0751_01,1.0
0752_01,1.0
0755_01,0.5757575757575758
0758_01,0.09090909090909091
0758_02,1.0
0758_03,0.0
0759_01,1.0
0759_02,0.030303030303030304
0759_03,1.0
0760_01,0.030303030303030304
0763_01,1.0
0763_02,0.0
0766_01,1.0
0774_01,0.3333333333333333
0774_02,0.0
0774_03,1.0
0775_01,1.0
0775_02,1.0
0775_03,1.0
0775_04,0.030303030303030304
0775_05,0.3333333333333333
0775_06,1.0
0778_01,1.0
0778_02,0.06060606060606061
0780_01,0.696969696969697
0783_01,0.09090909090909091
0792_01,1.0
0800_01,0.030303030303030304
0801_01,1.0
0803_01,1.0
0804_01,1.0
0807_01,0.3333333333333333
0810_01,0.030303030303030304
0812_01,1.0
0814_01,0.0
0821_01,1.0
0827_01,0.06060606060606061
0827_02,1.0
0827_03,1.0
0831_01,0.06060606060606061
0832_01,1.0
0837_01,1.0
0837_02,0.030303030303030304
0838_01,1.0
0838_02,0.030303030303030304
0841_01,0.030303030303030304
0842_01,1.0
0843_01,1.0
0844_01,1.0
0847_01,0.030303030303030304
0852_01,1.0
0854_01,1.0
0855_01,1.0
0856_01,0.0
0857_01,0.3939393939393939
0858_01,0.0
0858_02,0.8484848484848485
0861_01,1.0
0862_01,1.0
0864_01,0.030303030303030304
0864_02,1.0
0864_03,1.0
0866_01,1.0
0872_01,0.06060606060606061
0880_01,1.0
0880_02,0.8484848484848485
0882_01,0.8181818181818182
0884_01,0.0
0884_02,0.7272727272727273
0886_01,0.030303030303030304
0886_02,1.0
0886_03,1.0
0887_01,0.0
0887_02,0.0
0888_01,0.09090909090909091
0888_02,0.5454545454545454
0891_01,0.7878787878787878
0892_01,1.0
0892_02,1.0
0892_03,1.0
0894_01,1.0
0895_01,0.15151515151515152
0896_01,0.30303030303030304
0897_01,1.0
0897_02,1.0
0900_01,1.0
0908_01,1.0
0909_01,0.0
0909_02,1.0
0909_03,1.0
0914_01,0.06060606060606061
0916_01,0.06060606060606061
0917_01,0.696969696969697
0920_01,0.09090909090909091
0929_01,0.15151515151515152
0934_01,0.0
0936_01,0.06060606060606061
0937_01,1.0
0943_01,1.0
0943_02,1.0
0943_03,0.06060606060606061
0945_01,0.0
0945_02,0.06060606060606061
0948_01,0.15151515151515152
0950_01,1.0
0954_01,0.696969696969697
0958_01,0.06060606060606061
0959_01,0.030303030303030304
0962_01,0.9393939393939394
0963_01,1.0
0967_01,0.030303030303030304
0973_01,0.0
0974_01,0.09090909090909091
0977_01,1.0
0980_01,0.0
0981_01,0.21212121212121213
0981_02,1.0
0986_01,0.0
0986_02,1.0
0996_01,0.3787878787878788
0999_01,1.0
0999_02,0.9090909090909091
1003_01,0.0
1007_01,0.030303030303030304
1009_01,0.030303030303030304
1010_01,1.0
1016_01,0.030303030303030304
1021_01,0.3333333333333333
1023_01,1.0
1028_01,1.0
1037_01,0.7878787878787878
1039_01,0.09090909090909091
1042_01,0.09090909090909091
1044_01,0.5454545454545454
1050_01,1.0
1055_01,0.48484848484848486
1059_01,1.0
1059_02,1.0
1061_01,1.0
1064_01,0.696969696969697
1064_02,1.0
1067_01,0.030303030303030304
1069_01,1.0
1070_01,0.9696969696969697
1072_01,1.0
1072_02,0.696969696969697
1072_03,0.7727272727272727
1072_04,0.30303030303030304
1072_05,0.030303030303030304
1072_06,0.5757575757575758
1072_07,1.0
1072_08,1.0
1073_01,0.06060606060606061
1074_01,1.0
1074_02,1.0
1081_01,1.0
1087_01,0.42424242424242425
1090_01,1.0
1090_02,0.24242424242424243
1092_01,1.0
1098_01,0.0
1101_01,0.8787878787878788
1103_01,0.0
1104_01,1.0
1106_01,0.030303030303030304
1106_02,1.0
1107_01,0.12121212121212122
1109_01,0.06060606060606061
1111_01,1.0
1111_02,1.0
1111_03,0.030303030303030304
1118_01,0.0
1118_02,1.0
1118_03,1.0
1118_04,0.36363636363636365
1118_05,0.0
1119_01,0.030303030303030304
1119_02,1.0
1120_01,0.9393939393939394
1122_01,1.0
1124_01,1.0
1124_02,1.0
1124_03,0.0
1125_01,0.030303030303030304
1125_02,1.0
1126_01,1.0
1128_01,1.0
1128_02,1.0
1131_01,1.0
1135_01,0.0
1135_02,0.696969696969697
1135_03,0.030303030303030304
1135_04,0.5757575757575758
1137_01,0.15151515151515152
1137_02,0.030303030303030304
1138_01,0.9393939393939394
1139_01,1.0
1143_01,0.6060606060606061
1145_01,1.0
1145_02,0.06060606060606061
1145_03,0.030303030303030304
1145_04,1.0
1151_01,0.21212121212121213
1157_01,0.030303030303030304
1158_01,1.0
1158_02,0.7878787878787878
1159_01,1.0
1159_02,0.8484848484848485
1159_03,1.0
1160_01,0.9090909090909091
1164_01,0.2727272727272727
1171_01,0.09090909090909091
1172_01,0.696969696969697
1176_01,0.15151515151515152
1181_01,0.030303030303030304
1183_01,1.0
1183_02,0.2727272727272727
1183_03,1.0
1184_01,1.0
1184_02,0.030303030303030304
1189_01,0.030303030303030304
1194_01,0.0
1196_01,0.030303030303030304
1196_02,0.0
1200_01,0.8484848484848485
1201_01,0.06060606060606061
1201_02,0.21212121212121213
1202_01,0.07575757575757576
1204_01,0.6363636363636364
1205_01,0.0
1207_01,0.8484848484848485
1207_02,0.696969696969697
1207_03,1.0
1207_04,0.6212121212121212
1209_01,0.0
1209_02,0.030303030303030304
1217_01,1.0
1217_02,1.0
1219_01,0.0
1219_02,1.0
1224_01,1.0
1224_02,0.6666666666666666
1226_01,1.0
1226_02,1.0
1227_01,0.8484848484848485
1237_01,0.7575757575757576
1241_01,0.030303030303030304
1244_01,1.0
1245_01,1.0
1247_01,1.0
1249_01,0.030303030303030304
1251_01,1.0
1252_01,0.0
1253_01,0.0
1257_01,1.0
1257_02,1.0
1257_03,0.5454545454545454
1257_04,0.6666666666666666
1262_01,1.0
1262_02,0.030303030303030304
1265_01,1.0
1266_01,0.0
1268_01,1.0
1270_01,0.8181818181818182
1272_01,0.045454545454545456
1275_01,0.06060606060606061
1276_01,1.0
1277_01,0.0
1290_01,0.0
1296_01,0.0
1297_01,0.6363636363636364
1298_01,1.0
1301_01,0.36363636363636365
1301_02,0.8484848484848485
1301_03,1.0
1303_01,0.45454545454545453
1305_01,0.48484848484848486
1313_01,0.6363636363636364
1314_01,0.030303030303030304
1315_01,0.5757575757575758
1318_01,1.0
1319_01,0.21212121212121213
1319_02,0.0
1320_01,1.0
1320_02,1.0
1320_03,1.0
1321_01,1.0
1321_02,1.0
1321_03,0.030303030303030304
1321_04,0.030303030303030304
1327_01,1.0
1329_01,0.0
1334_01,0.0
1338_01,1.0
1338_02,1.0
1339_01,1.0
1341_01,0.030303030303030304
1341_02,0.696969696969697
1341_03,1.0
1343_01,0.0
1343_02,0.3939393939393939
1343_03,0.09090909090909091
1344_01,0.18181818181818182
1346_01,0.696969696969697
1349_01,1.0
1349_02,1.0
1354_01,0.06060606060606061
1354_02,1.0
1354_03,1.0
1354_04,0.9090909090909091
1354_05,1.0
1354_06,1.0
1354_07,0.5757575757575758
1358_01,1.0
1358_02,0.06060606060606061
1359_01,0.42424242424242425
1361_01,1.0
1361_02,0.0
1363_01,0.12121212121212122
1364_01,0.09090909090909091
1364_02,0.3939393939393939
1367_01,1.0
1369_01,0.5454545454545454
1369_02,1.0
1369_03,0.9090909090909091
1372_01,1.0
1373_01,0.6363636363636364
1374_01,1.0
1388_01,1.0
1392_01,0.2727272727272727
1394_01,1.0
1396_01,0.45454545454545453
1405_01,0.7575757575757576
1409_01,0.06060606060606061
1409_02,1.0
1411_01,0.7272727272727273
1418_01,0.7878787878787878
1422_01,1.0
1422_02,0.0
1422_03,0.0
1429_01,0.12121212121212122
1432_01,0.09090909090909091
1432_02,0.0
1436_01,0.8484848484848485
1437_01,0.0
1441_01,0.030303030303030304
1446_01,0.09090909090909091
1448_01,0.2727272727272727
1449_01,0.030303030303030304
1456_01,0.030303030303030304
1459_01,0.030303030303030304
1464_01,0.0
1466_01,1.0
1468_01,0.5454545454545454
1469_01,0.0
1469_02,0.09090909090909091
1470_01,1.0
1471_01,1.0
1471_02,1.0
1471_03,1.0
1471_04,1.0
1471_05,1.0
1472_01,1.0
1473_01,0.06060606060606061
1473_02,0.06060606060606061
1475_01,0.5151515151515151
1476_01,0.12121212121212122
1477_01,0.48484848484848486
1477_02,0.06060606060606061
1480_01,1.0
1482_01,1.0
1483_01,0.42424242424242425
1486_01,1.0
1487_01,1.0
1487_02,0.8333333333333334
1492_01,0.030303030303030304
1492_02,0.030303030303030304
1494_01,0.0
1495_01,0.030303030303030304
1495_02,1.0
1496_01,1.0
1497_01,1.0
1497_02,1.0
1502_01,0.0
1502_02,0.7575757575757576
1502_03,1.0
1502_04,1.0
1504_01,0.0
1505_01,0.030303030303030304
1508_01,0.06060606060606061
1512_01,0.12121212121212122
1513_01,1.0
1514_01,1.0
1516_01,0.5303030303030303
1517_01,0.0
1518_01,0.0
1518_02,0.15151515151515152
1519_01,0.0
1522_01,0.7878787878787878
1530_01,0.7878787878787878
1534_01,0.0
1534_02,0.030303030303030304
1535_01,0.0
1537_01,0.9696969696969697
1538_01,0.0
1538_02,0.0
1546_01,1.0
1549_01,0.12121212121212122
1553_01,1.0
1553_02,0.030303030303030304
1554_01,1.0
1554_02,0.7575757575757576
1556_01,1.0
1557_01,0.8787878787878788
1559_01,1.0
1559_02,1.0
1563_01,1.0
1566_01,1.0
1570_01,0.0
1571_01,0.5151515151515151
1574_01,1.0
1575_01,1.0
1582_01,0.8181818181818182
1582_02,0.696969696969697
1583_01,0.696969696969697
1586_01,0.030303030303030304
1587_01,1.0
1587_02,0.696969696969697
1589_01,0.030303030303030304
1591_01,0.0
1591_02,0.6060606060606061
1598_01,0.6666666666666666
1598_02,0.8484848484848485
1600_01,0.0
1605_01,0.06060606060606061
1607_01,1.0
1609_01,0.0
1610_01,0.36363636363636365
1616_01,1.0
1618_01,0.0
1620_01,0.0
1623_01,0.12121212121212122
1627_01,1.0
1629_01,1.0
1629_02,1.0
1629_03,1.0
1629_04,1.0
1629_05,1.0
1629_06,1.0
1639_01,0.06060606060606061
1641_01,1.0
1642_01,0.030303030303030304
1643_01,0.030303030303030304
1648_01,1.0
1652_01,1.0
1654_01,0.0
1664_01,0.24242424242424243
1665_01,1.0
1665_02,0.8484848484848485
1667_01,0.030303030303030304
1675_01,1.0
1678_01,0.030303030303030304
1679_01,1.0
1680_01,0.0
1680_02,1.0
1683_01,0.0
1684_01,0.0
1686_01,0.09090909090909091
1689_01,1.0
1689_02,0.3333333333333333
1689_03,0.24242424242424243
1692_01,1.0
1693_01,0.5757575757575758
1701_01,1.0
1702_01,0.8787878787878788
1703_01,0.5909090909090909
1706_01,0.0
1707_01,0.06060606060606061
1716_01,0.15151515151515152
1720_01,0.0
1722_01,0.0
1726_01,0.030303030303030304
1726_02,1.0
1726_03,0.18181818181818182
1732_01,1.0
1735_01,0.06060606060606061
1737_01,0.030303030303030304
1741_01,0.7272727272727273
1741_02,1.0
1741_03,1.0
1743_01,0.0
1744_01,0.18181818181818182
1750_01,1.0
1751_01,1.0
1751_02,1.0
1754_01,0.5757575757575758
1756_01,0.30303030303030304
1759_01,1.0
1765_01,1.0
1773_01,0.0
1777_01,0.0
1777_02,1.0
1780_01,0.24242424242424243
1784_01,0.030303030303030304
1787_01,1.0
1788_01,0.15151515151515152
1789_01,1.0
1790_01,1.0
1790_02,1.0
1791_01,1.0
1791_02,1.0
1793_01,0.06060606060606061
1793_02,0.8181818181818182
1794_01,0.030303030303030304
1795_01,0.030303030303030304
1801_01,0.36363636363636365
1801_02,0.0
1809_01,1.0
1814_01,0.12121212121212122
1814_02,1.0
1814_03,1.0
1815_01,1.0
1819_01,0.030303030303030304
1820_01,1.0
1824_01,0.3939393939393939
1825_01,0.8484848484848485
1825_02,0.3939393939393939
1830_01,1.0
1832_01,0.0
1835_01,1.0
1835_02,1.0
1837_01,1.0
1838_01,1.0
1839_01,0.030303030303030304
1840_01,1.0
1842_01,0.0
1845_01,0.030303030303030304
1851_01,0.030303030303030304
1851_02,1.0
1852_01,1.0
1852_02,0.6666666666666666
1852_03,1.0
1852_04,1.0
1858_01,0.8484848484848485
1862_01,0.0
1862_02,0.0
1862_03,1.0
1867_01,1.0
1869_01,0.0
1870_01,0.030303030303030304
1875_01,0.12121212121212122
1876_01,0.0
1883_01,1.0
1885_01,0.7878787878787878
1893_01,1.0
1894_01,1.0
1895_01,0.06060606060606061
1896_01,0.0
1900_01,0.5757575757575758
1904_01,0.030303030303030304
1909_01,1.0
1909_02,1.0
1909_03,0.12121212121212122
1910_01,1.0
1910_02,0.06060606060606061
1910_03,0.0
1910_04,0.696969696969697
1912_01,0.36363636363636365
1913_01,0.696969696969697
1913_02,1.0
1913_03,1.0
1914_01,0.696969696969697
1917_01,0.7424242424242424
1919_01,1.0
1921_01,0.030303030303030304
1921_02,0.0
1924_01,1.0
1929_01,0.0
1930_01,0.030303030303030304
1932_01,0.0
1934_01,0.030303030303030304
1936_01,0.0
1943_01,0.09090909090909091
1944_01,0.15151515151515152
1948_01,0.030303030303030304
1948_02,1.0
1949_01,0.030303030303030304
1951_01,1.0
1951_02,0.06060606060606061
1954_01,0.0
1955_01,0.13636363636363635
1958_01,0.0
1965_01,1.0
1966_01,0.06060606060606061
1970_01,0.0
1972_01,0.7575757575757576
1982_01,0.0
1986_01,1.0
1987_01,0.6818181818181818
1989_01,1.0
1990_01,1.0
1990_02,1.0
1998_01,0.0
2002_01,1.0
2004_01,1.0
2005_01,0.0
2005_02,1.0
2008_01,0.0
2014_01,1.0
2016_01,1.0
2016_02,0.06060606060606061
2017_01,1.0
2017_02,0.0
2018_01,1.0
2020_01,0.24242424242424243
2021_01,1.0
2023_01,0.5909090909090909
2023_02,1.0
2023_03,1.0
2025_01,0.0
2030_01,0.24242424242424243
2031_01,0.030303030303030304
2033_01,0.030303030303030304
2035_01,0.0
2035_02,1.0
2036_01,1.0
2036_02,1.0
2036_03,1.0
2037_01,1.0
2037_02,0.0
2039_01,1.0
2039_02,1.0
2039_03,1.0
2047_01,1.0
2048_01,0.696969696969697
2049_01,1.0
2050_01,0.0
2057_01,1.0
2057_02,1.0
2057_03,0.06060606060606061
2057_04,1.0
2057_05,0.8484848484848485
2058_01,0.06060606060606061
2064_01,1.0
2068_01,1.0
2068_02,0.6666666666666666
2068_03,0.5454545454545454
2068_04,0.24242424242424243
2068_05,0.48484848484848486
2069_01,0.030303030303030304
2072_01,0.0
2072_02,0.0
2076_01,1.0
2077_01,0.06060606060606061
2078_01,1.0
2079_01,0.15151515151515152
2079_02,0.06060606060606061
2079_03,0.09090909090909091
2093_01,0.030303030303030304
2098_01,0.18181818181818182
2101_01,1.0
2101_02,0.6818181818181818
2103_01,0.030303030303030304
2108_01,0.2727272727272727
2108_02,0.09090909090909091
2109_01,1.0
2113_01,1.0
2119_01,0.12121212121212122
2119_02,1.0
2122_01,0.30303030303030304
2132_01,1.0
2146_01,0.5757575757575758
2146_02,1.0
2151_01,1.0
2155_01,0.8787878787878788
2157_01,0.0
2160_01,0.0
2160_02,1.0
2160_03,1.0
2165_01,0.9545454545454546
2166_01,0.36363636363636365
2169_01,0.06060606060606061
2170_01,0.06060606060606061
2174_01,0.030303030303030304
2176_01,1.0
2178_01,0.09090909090909091
2181_01,0.09090909090909091
2184_01,1.0
2184_02,1.0
2185_01,1.0
2192_01,0.12121212121212122
2197_01,0.15151515151515152
2199_01,0.45454545454545453
2208_01,0.06060606060606061
2213_01,0.030303030303030304
2214_01,0.030303030303030304
2216_01,0.9090909090909091
2217_01,0.030303030303030304
2218_01,0.12121212121212122
2222_01,1.0
2226_01,0.06060606060606061
2227_01,1.0
2230_01,0.8484848484848485
2236_01,0.6060606060606061
2240_01,1.0
2240_02,0.030303030303030304
2240_03,1.0
2242_01,1.0
2244_01,0.5454545454545454
2245_01,1.0
2245_02,1.0
2246_01,0.2727272727272727
2246_02,0.0
2247_01,0.030303030303030304
2248_01,0.030303030303030304
2249_01,0.7272727272727273
2250_01,0.030303030303030304
2259_01,0.21212121212121213
2259_02,1.0
2260_01,1.0
2265_01,0.0
2271_01,0.030303030303030304
2276_01,1.0
2276_02,0.030303030303030304
2283_01,0.030303030303030304
2285_01,0.0
2286_01,0.0
2290_01,1.0
2292_01,1.0
2293_01,1.0
2294_01,0.3333333333333333
2297_01,0.030303030303030304
2304_01,1.0
2307_01,1.0
2307_02,1.0
2307_03,1.0
2307_04,1.0
2307_05,1.0
2322_01,0.0
2323_01,0.09090909090909091
2324_01,0.030303030303030304
2326_01,1.0
2328_01,0.06060606060606061
2330_01,0.0
2331_01,1.0
2334_01,0.030303030303030304
2335_01,1.0
2337_01,1.0
2342_01,0.030303030303030304
2343_01,1.0
2343_02,1.0
2344_01,0.030303030303030304
2344_02,0.7878787878787878
2346_01,0.0
2350_01,0.09090909090909091
2350_02,0.15151515151515152
2350_03,1.0
2351_01,0.0
2351_02,0.06060606060606061
2352_01,0.030303030303030304
2354_01,0.0
2355_01,0.696969696969697
2355_02,1.0
2355_03,0.06060606060606061
2355_04,0.9696969696969697
2358_01,0.0
2359_01,0.0
2362_01,0.21212121212121213
2370_01,1.0
2370_02,1.0
2370_03,0.36363636363636365
2370_04,1.0
2371_01,0.696969696969697
2372_01,0.0
2378_01,0.06060606060606061
2378_02,1.0
2380_01,0.0
2380_02,0.696969696969697
2381_01,1.0
2383_01,0.0
2383_02,0.030303030303030304
2386_01,1.0
2388_01,0.0
2388_02,1.0
2393_01,0.0
2394_01,1.0
2394_02,1.0
2394_03,0.0
2400_01,0.06060606060606061
2405_01,0.030303030303030304
2407_01,1.0
2408_01,0.030303030303030304
2415_01,0.7575757575757576
2418_01,0.0
2420_01,0.0
2422_01,0.0
2422_02,1.0
2425_01,1.0
2425_02,0.42424242424242425
2425_03,0.42424242424242425
2425_04,1.0
2425_05,1.0
2425_06,1.0
2428_01,0.09090909090909091
2430_01,1.0
2430_02,1.0
2430_03,0.0
2434_01,1.0
2434_02,0.12121212121212122
2437_01,0.06060606060606061
2440_01,0.8787878787878788
2447_01,0.0
2448_01,1.0
2448_02,1.0
2450_01,0.06060606060606061
2459_01,1.0
2464_01,0.12121212121212122
2465_01,0.0
2468_01,1.0
2469_01,1.0
2469_02,0.030303030303030304
2473_01,0.0
2481_01,1.0
2481_02,0.06060606060606061
2482_01,0.0
2482_02,0.09090909090909091
2484_01,1.0
2484_02,0.12121212121212122
2485_01,0.030303030303030304
2487_01,1.0
2487_02,1.0
2487_03,0.0
2490_01,0.0
2493_01,0.030303030303030304
2493_02,0.42424242424242425
2494_01,1.0
2494_02,0.0
2495_01,0.0
2501_01,0.8939393939393939
2504_01,0.18181818181818182
2507_01,1.0
2511_01,0.6363636363636364
2514_01,0.5454545454545454
2517_01,1.0
2525_01,0.09090909090909091
2529_01,0.15151515151515152
2533_01,0.06060606060606061
2536_01,1.0
2538_01,0.7878787878787878
2538_02,1.0
2539_01,0.48484848484848486
2543_01,0.9393939393939394
2554_01,0.3939393939393939
2556_01,1.0
2563_01,1.0
2566_01,0.0
2567_01,1.0
2567_02,1.0
2568_01,0.9242424242424242
2569_01,0.6515151515151515
2570_01,1.0
2575_01,0.9090909090909091
2576_01,0.8484848484848485
2577_01,1.0
2577_02,1.0
2579_01,0.030303030303030304
2583_01,1.0
2585_01,1.0
2586_01,0.7878787878787878
2587_01,1.0
2587_02,1.0
2600_01,0.9393939393939394
2603_01,1.0
2603_02,0.6363636363636364
2604_01,1.0
2608_01,1.0
2610_01,0.0
2611_01,0.12121212121212122
2612_01,0.030303030303030304
2613_01,0.6060606060606061
2614_01,0.030303030303030304
2615_01,0.4696969696969697
2620_01,1.0
2621_01,0.030303030303030304
2623_01,0.09090909090909091
2630_01,0.09090909090909091
2630_02,1.0
2630_03,1.0
2632_01,0.030303030303030304
2637_01,0.0
2637_02,1.0
2637_03,1.0
2639_01,1.0
2644_01,0.12121212121212122
2653_01,0.09090909090909091
2654_01,0.06060606060606061
2656_01,1.0
2665_01,0.030303030303030304
2667_01,1.0
2667_02,0.030303030303030304
2667_03,0.0
2667_04,1.0
2667_05,1.0
2669_01,0.0
2673_01,0.48484848484848486
2674_01,1.0
2674_02,0.48484848484848486
2680_01,0.030303030303030304
2681_01,1.0
2686_01,0.030303030303030304
2689_01,0.0
2694_01,1.0
2694_02,0.5151515151515151
2696_01,0.5454545454545454
2699_01,0.0
2705_01,1.0
2710_01,1.0
2710_02,0.696969696969697
2711_01,0.6666666666666666
2715_01,0.030303030303030304
2715_02,0.06060606060606061
2716_01,0.0
2716_02,1.0
2719_01,0.030303030303030304
2719_02,1.0
2719_03,0.0
2728_01,0.12121212121212122
2731_01,1.0
2733_01,0.09090909090909091
2735_01,0.0
2742_01,1.0
2744_01,0.6363636363636364
2749_01,1.0
2757_01,0.0
2761_01,0.030303030303030304
2761_02,0.7272727272727273
2766_01,1.0
2767_01,0.030303030303030304
2771_01,0.0
2775_01,0.0
2776_01,0.696969696969697
2777_01,1.0
2779_01,0.0
2782_01,0.0
2791_01,0.0
2794_01,0.030303030303030304
2794_02,0.09090909090909091
2794_03,0.8484848484848485
2794_04,1.0
2794_05,0.0
2794_06,1.0
2794_07,1.0
2800_01,1.0
2803_01,1.0
2804_01,1.0
2808_01,1.0
2808_02,0.5454545454545454
2815_01,0.0
2815_02,1.0
2815_03,0.7878787878787878
2816_01,1.0
2827_01,1.0
2828_01,0.06060606060606061
2829_01,1.0
2830_01,1.0
2833_01,1.0
2836_01,0.9393939393939394
2841_01,0.0
2842_01,1.0
2844_01,0.12121212121212122
2845_01,1.0
2845_02,1.0
2848_01,1.0
2848_02,1.0
2848_03,1.0
2849_01,0.0
2850_01,1.0
2850_02,1.0
2850_03,0.0
2850_04,1.0
2851_01,0.030303030303030304
2855_01,1.0
2864_01,0.0
2868_01,1.0
2868_02,1.0
2868_03,1.0
2868_04,0.6818181818181818
2874_01,0.06060606060606061
2879_01,0.030303030303030304
2885_01,0.0
2886_01,0.0
2889_01,0.21212121212121213
2895_01,1.0
2896_01,0.0
2898_01,0.9090909090909091
2898_02,1.0
2903_01,0.24242424242424243
2904_01,0.18181818181818182
2904_02,1.0
2911_01,1.0
2914_01,1.0
2915_01,1.0
2916_01,1.0
2917_01,0.0
2918_01,0.0
2921_01,0.0
2922_01,0.6666666666666666
2923_01,0.48484848484848486
2924_01,0.0
2931_01,1.0
2931_02,0.030303030303030304
2932_01,1.0
2933_01,0.030303030303030304
2937_01,0.0
2939_01,0.9696969696969697
2946_01,0.15151515151515152
2946_02,0.030303030303030304
2946_03,0.7878787878787878
2946_04,0.06060606060606061
2947_01,1.0
2951_01,0.0
2952_01,0.030303030303030304
2955_01,0.030303030303030304
2957_01,1.0
2963_01,0.5757575757575758
2967_01,0.6666666666666666
2973_01,0.0
2974_01,0.030303030303030304
2976_01,1.0
2976_02,1.0
2976_03,1.0
2976_04,0.0
2977_01,0.0
2977_02,0.30303030303030304
2977_03,0.0
2978_01,0.09090909090909091
2980_01,0.0
2981_01,1.0
2985_01,0.7878787878787878
2987_01,0.030303030303030304
2989_01,0.18181818181818182
2991_01,0.0
2997_01,1.0
2997_02,0.0
2997_03,0.12121212121212122
2997_04,1.0
2999_01,0.12121212121212122
3002_01,0.0
3007_01,0.030303030303030304
3008_01,0.2727272727272727
3008_02,0.030303030303030304
3008_03,1.0
3008_04,0.24242424242424243
3008_05,1.0
3008_06,1.0
3011_01,1.0
3016_01,1.0
3016_02,1.0
3016_03,1.0
3016_04,0.06060606060606061
3017_01,0.5151515151515151
3028_01,1.0
3031_01,1.0
3035_01,1.0
3037_01,1.0
3037_02,1.0
3041_01,0.030303030303030304
3043_01,0.24242424242424243
3046_01,0.15151515151515152
3049_01,0.0
3051_01,0.0
3052_01,0.0
3056_01,1.0
3057_01,0.5606060606060606
3058_01,0.0
3059_01,1.0
3069_01,0.030303030303030304
3072_01,1.0
3074_01,0.6666666666666666
3075_01,0.5454545454545454
3077_01,1.0
3077_02,1.0
3078_01,0.0
3078_02,0.0
3078_03,1.0
3078_04,0.0
3086_01,0.8181818181818182
3089_01,1.0
3094_01,1.0
3097_01,0.8484848484848485
3098_01,0.030303030303030304
3101_01,0.0
3105_01,1.0
3105_02,0.36363636363636365
3105_03,1.0
3106_01,0.7121212121212122
3107_01,0.696969696969697
3108_01,1.0
3109_01,0.7575757575757576
3115_01,1.0
3122_01,0.0
3122_02,0.09090909090909091
3125_01,0.0
3125_02,0.0
3127_01,1.0
3129_01,0.9090909090909091
3135_01,0.06060606060606061
3137_01,1.0
3139_01,0.3333333333333333
3141_01,1.0
3144_01,0.030303030303030304
3146_01,0.030303030303030304
3148_01,0.3787878787878788
3148_02,0.030303030303030304
3150_01,1.0
3151_01,1.0
3153_01,0.0
3153_02,1.0
3154_01,1.0
3155_01,1.0
3155_02,0.5454545454545454
3156_01,0.0
3157_01,0.0
3160_01,0.0
3165_01,0.030303030303030304
3167_01,0.7727272727272727
3170_01,1.0
3173_01,1.0
3177_01,0.030303030303030304
3178_01,1.0
3183_01,0.09090909090909091
3186_01,1.0
3187_01,0.30303030303030304
3190_01,0.06060606060606061
3190_02,1.0
3194_01,0.3333333333333333
3198_01,0.06060606060606061
3199_01,0.45454545454545453
3202_01,0.696969696969697
3207_01,0.09090909090909091
3208_01,0.2727272727272727
3214_01,1.0
3222_01,0.0
3226_01,1.0
3228_01,0.0
3231_01,1.0
3233_01,0.6363636363636364
3234_01,0.09090909090909091
3242_01,0.12121212121212122
3244_01,1.0
3244_02,1.0
3244_03,1.0
3245_01,0.24242424242424243
3245_02,0.0
3246_01,0.6666666666666666
3249_01,0.06060606060606061
3249_02,0.696969696969697
3250_01,0.0
3251_01,0.06060606060606061
3257_01,0.8484848484848485
3261_01,0.2727272727272727
3263_01,0.696969696969697
3264_01,0.0
3265_01,0.0
3265_02,1.0
3265_03,1.0
3265_04,1.0
3266_01,0.2727272727272727
3267_01,1.0
3277_01,0.0
3278_01,1.0
3281_01,1.0
3285_01,0.09090909090909091
3285_02,1.0
3286_01,0.0
3288_01,1.0
3290_01,1.0
3290_02,0.0
3291_01,1.0
3302_01,0.0
3303_01,0.0
3306_01,0.0
3307_01,0.7272727272727273
3316_01,0.7878787878787878
3320_01,0.0
3320_02,0.0
3321_01,1.0
3333_01,0.9393939393939394
3334_01,1.0
3335_01,0.0
3340_01,0.07575757575757576
3341_01,1.0
3341_02,0.0
3344_01,1.0
3344_02,1.0
3345_01,1.0
3345_02,0.0
3345_03,1.0
3346_01,0.09090909090909091
3347_01,0.696969696969697
3347_02,0.0
3351_01,1.0
3351_02,0.6666666666666666
3354_01,0.0
3355_01,1.0
3356_01,0.15151515151515152
3358_01,0.0
3362_01,0.9393939393939394
3362_02,0.18181818181818182
3366_01,1.0
3367_01,0.6818181818181818
3368_01,1.0
3368_02,1.0
3368_03,0.0
3368_04,1.0
3368_05,0.696969696969697
3368_06,0.0
3368_07,0.0
3369_01,0.2727272727272727
3373_01,1.0
3374_01,0.030303030303030304
3375_01,0.015151515151515152
3376_01,0.8484848484848485
3378_01,0.30303030303030304
3379_01,0.7272727272727273
3385_01,0.6666666666666666
3388_01,0.36363636363636365
3393_01,1.0
3398_01,0.5151515151515151
3399_01,0.030303030303030304
3400_01,1.0
3407_01,0.06060606060606061
3407_02,0.0
3411_01,0.030303030303030304
3411_02,0.30303030303030304
3411_03,0.18181818181818182
3411_04,0.0
3411_05,0.8484848484848485
3411_06,1.0
3411_07,0.0
3414_01,0.0
3416_01,0.0
3427_01,1.0
3429_01,1.0
3435_01,0.0
3436_01,1.0
3448_01,1.0
3448_02,0.48484848484848486
3451_01,0.030303030303030304
3452_01,0.06060606060606061
3457_01,0.696969696969697
3460_01,0.0
3463_01,0.4090909090909091
3466_01,0.06060606060606061
3471_01,0.030303030303030304
3472_01,0.8181818181818182
3477_01,0.12121212121212122
3477_02,0.6666666666666666
3479_01,0.030303030303030304
3481_01,0.0
3482_01,0.06060606060606061
3482_02,1.0
3493_01,0.6515151515151515
3494_01,0.030303030303030304
3494_02,0.696969696969697
3498_01,0.0
3500_01,0.12121212121212122
3502_01,0.06060606060606061
3503_01,0.42424242424242425
3505_01,0.0
3507_01,0.5454545454545454
3508_01,0.06060606060606061
3508_02,0.9696969696969697
3509_01,1.0
3509_02,0.18181818181818182
3510_01,1.0
3513_01,1.0
3513_02,1.0
3513_03,0.18181818181818182
3513_04,1.0
3516_01,0.0
3517_01,0.8181818181818182
3522_01,1.0
3524_01,0.0
3526_01,0.030303030303030304
3529_01,1.0
3532_01,1.0
3538_01,0.030303030303030304
3541_01,0.0
3544_01,0.06060606060606061
3544_02,0.42424242424242425
3545_01,0.0
3549_01,0.030303030303030304
3549_02,1.0
3551_01,0.0
3554_01,0.06060606060606061
3557_01,0.06060606060606061
3571_01,1.0
3574_01,0.2727272727272727
3575_01,0.030303030303030304
3580_01,0.8484848484848485
3580_02,1.0
3581_01,0.06060606060606061
3583_01,0.0
3585_01,1.0
3587_01,1.0
3587_02,0.030303030303030304
3587_03,1.0
3589_01,0.0
3589_02,1.0
3589_03,1.0
3589_04,1.0
3589_05,0.3939393939393939
3589_06,1.0
3589_07,1.0
3590_01,0.0
3593_01,0.2727272727272727
3599_01,0.6666666666666666
3601_01,0.06060606060606061
3601_02,1.0
3601_03,1.0
3601_04,1.0
3601_05,1.0
3601_06,0.0
3601_07,1.0
3603_01,1.0
3603_02,1.0
3604_01,0.696969696969697
3611_01,0.30303030303030304
3617_01,0.06060606060606061
3617_02,1.0
3617_03,0.09090909090909091
3618_01,1.0
3618_02,0.0
3618_03,0.7878787878787878
3618_04,0.030303030303030304
3621_01,0.0
3621_02,0.0
3623_01,1.0
3627_01,0.7878787878787878
3632_01,0.15151515151515152
3633_01,1.0
3635_01,1.0
3635_02,0.09090909090909091
3637_01,0.0
3638_01,0.0
3643_01,1.0
3646_01,0.15151515151515152
3646_02,0.3939393939393939
3649_01,0.0
3651_01,1.0
3656_01,0.42424242424242425
3656_02,0.0
3657_01,1.0
3657_02,1.0
3657_03,0.15151515151515152
3659_01,0.5151515151515151
3659_02,1.0
3659_03,1.0
3659_04,1.0
3659_05,0.0
3659_06,0.9393939393939394
3659_07,1.0
3661_01,0.0
3663_01,1.0
3666_01,0.696969696969697
3669_01,0.09090909090909091
3670_01,1.0
3672_01,0.0
3672_02,0.09090909090909091
3673_01,1.0
3675_01,0.8181818181818182
3675_02,1.0
3675_03,1.0
3676_01,1.0
3683_01,1.0
3683_02,1.0
3684_01,1.0
3684_02,1.0
3685_01,0.6363636363636364
3687_01,0.6666666666666666
3689_01,0.12121212121212122
3694_01,1.0
3695_01,0.0
3696_01,1.0
3697_01,0.030303030303030304
3698_01,0.0
3701_01,1.0
3701_02,0.48484848484848486
3701_03,1.0
3709_01,1.0
3712_01,1.0
3712_02,1.0
3712_03,1.0
3712_04,0.9090909090909091
3712_05,1.0
3717_01,0.030303030303030304
3717_02,1.0
3718_01,1.0
3720_01,1.0
3720_02,1.0
3720_03,1.0
3721_01,0.0
3722_01,0.12121212121212122
3723_01,0.2727272727272727
3725_01,1.0
3727_01,0.0
3730_01,1.0
3731_01,1.0
3738_01,0.6515151515151515
3740_01,0.0
3746_01,0.06060606060606061
3746_02,0.8484848484848485
3746_03,1.0
3746_04,1.0
3762_01,0.030303030303030304
3763_01,0.0
3764_01,1.0
3764_02,1.0
3766_01,1.0
3766_02,1.0
3780_01,1.0
3782_01,0.06060606060606061
3782_02,0.0
3791_01,0.030303030303030304
3792_01,1.0
3794_01,1.0
3799_01,0.09090909090909091
3800_01,0.06060606060606061
3802_01,0.030303030303030304
3806_01,1.0
3808_01,0.5151515151515151
3809_01,0.030303030303030304
3809_02,1.0
3813_01,1.0
3819_01,0.030303030303030304
3825_01,0.0
3827_01,0.06060606060606061
3828_01,0.8484848484848485
3828_02,0.030303030303030304
3828_03,1.0
3829_01,0.36363636363636365
3829_02,0.7878787878787878
3833_01,1.0
3834_01,1.0
3837_01,0.030303030303030304
3840_01,0.15151515151515152
3843_01,0.5454545454545454
3844_01,0.06060606060606061
3844_02,0.5454545454545454
3845_01,0.6666666666666666
3855_01,1.0
3858_01,1.0
3858_02,1.0
3858_03,0.030303030303030304
3858_04,0.030303030303030304
3859_01,1.0
3860_01,0.9696969696969697
3861_01,0.0
3863_01,0.09090909090909091
3865_01,1.0
3869_01,1.0
3876_01,0.696969696969697
3876_02,0.030303030303030304
3876_03,1.0
3877_01,0.09090909090909091
3878_01,0.030303030303030304
3880_01,0.9848484848484849
3881_01,0.0
3882_01,1.0
3884_01,0.0
3885_01,0.0
3887_01,0.9090909090909091
3889_01,0.06060606060606061
3889_02,0.15151515151515152
3891_01,0.6363636363636364
3892_01,1.0
3892_02,0.0
3893_01,0.0
3893_02,0.8484848484848485
3893_03,0.0
3900_01,0.0
3901_01,0.45454545454545453
3902_01,1.0
3905_01,1.0
3906_01,0.0
3906_02,0.06060606060606061
3908_01,0.09090909090909091
3908_02,1.0
3910_01,1.0
3914_01,0.030303030303030304
3918_01,0.030303030303030304
3920_01,0.030303030303030304
3925_01,0.0
3925_02,0.030303030303030304
3929_01,0.7878787878787878
3934_01,1.0
3934_02,0.15151515151515152
3943_01,0.7575757575757576
3943_02,1.0
3943_03,0.06060606060606061
3947_01,0.09090909090909091
3951_01,0.15151515151515152
3953_01,1.0
3956_01,0.5757575757575758
3957_01,1.0
3965_01,0.030303030303030304
3969_01,0.0
3972_01,1.0
3975_01,0.030303030303030304
3978_01,0.30303030303030304
3979_01,0.030303030303030304
3982_01,0.06060606060606061
3983_01,0.0
3989_01,1.0
3989_02,1.0
3989_03,1.0
3989_04,0.4393939393939394
3990_01,1.0
3993_01,0.030303030303030304
4004_01,0.0
4007_01,0.0
4011_01,0.36363636363636365
4012_01,0.9090909090909091
4012_02,1.0
4015_01,1.0
4015_02,0.0
4024_01,1.0
4025_01,0.9393939393939394
4028_01,0.9696969696969697
4029_01,1.0
4041_01,1.0
4048_01,1.0
4048_02,1.0
4048_03,1.0
4051_01,1.0
4052_01,0.5454545454545454
4054_01,1.0
4054_02,0.9393939393939394
4054_03,0.0
4056_01,0.06060606060606061
4057_01,0.15151515151515152
4059_01,1.0
4059_02,0.030303030303030304
4062_01,0.5454545454545454
4067_01,0.5303030303030303
4070_01,1.0
4070_02,0.696969696969697
4070_03,0.18181818181818182
4073_01,0.06060606060606061
4073_02,1.0
4074_01,0.06060606060606061
4077_01,0.0
4085_01,0.7121212121212122
4086_01,0.09090909090909091
4086_02,1.0
4086_03,0.9242424242424242
4087_01,0.5757575757575758
4088_01,0.8484848484848485
4092_01,1.0
4094_01,0.0
4094_02,0.030303030303030304
4100_01,0.8484848484848485
4105_01,0.7272727272727273
4111_01,1.0
4117_01,0.030303030303030304
4118_01,0.06060606060606061
4119_01,0.42424242424242425
4121_01,0.2727272727272727
4122_01,0.06060606060606061
4123_01,0.09090909090909091
4124_01,1.0
4126_01,0.06060606060606061
4133_01,1.0
4133_02,1.0
4136_01,0.696969696969697
4136_02,0.030303030303030304
4138_01,0.09090909090909091
4139_01,0.030303030303030304
4146_01,1.0
4148_01,1.0
4153_01,0.09090909090909091
4155_01,1.0
4157_01,0.030303030303030304
4161_01,0.7424242424242424
4162_01,1.0
4164_01,1.0
4180_01,1.0
4180_02,0.030303030303030304
4187_01,0.0
4190_01,0.8181818181818182
4192_01,0.15151515151515152
4193_01,1.0
4195_01,0.0
4198_01,1.0
4200_01,0.2727272727272727
4201_01,0.19696969696969696
4202_01,1.0
4202_02,0.0
4209_01,0.0
4217_01,0.12121212121212122
4224_01,0.0
4224_02,0.15151515151515152
4226_01,1.0
4226_02,0.2727272727272727
4227_01,1.0
4228_01,0.12121212121212122
4234_01,0.0
4234_02,0.0
4235_01,0.030303030303030304
4235_02,0.8484848484848485
4236_01,0.7272727272727273
4236_02,1.0
4241_01,0.6212121212121212
4247_01,1.0
4247_02,0.030303030303030304
4248_01,0.06060606060606061
4248_02,0.030303030303030304
4250_01,1.0
4263_01,0.7878787878787878
4263_02,1.0
4263_03,1.0
4265_01,1.0
4268_01,1.0
4268_02,1.0
4269_01,0.8181818181818182
4275_01,0.030303030303030304
4276_01,0.0
4277_01,0.36363636363636365
4279_01,0.15151515151515152
4281_01,0.12121212121212122
4282_01,0.696969696969697
4283_01,0.7575757575757576
4284_01,1.0
4284_02,0.0
4285_01,0.6666666666666666
4286_01,1.0
4286_02,0.12121212121212122
4286_03,1.0
4287_01,0.7272727272727273
4288_01,1.0
4288_02,0.030303030303030304
4290_01,0.0
4298_01,0.030303030303030304
4298_02,1.0
4298_03,1.0
4299_01,0.0
4304_01,0.0
4307_01,1.0
4308_01,1.0
4310_01,0.0
4313_01,0.6060606060606061
4314_01,1.0
4321_01,1.0
4322_01,1.0
4323_01,1.0
4323_02,0.030303030303030304
4323_03,0.2727272727272727
4323_04,1.0
4325_01,0.7727272727272727
4326_01,0.030303030303030304
4328_01,1.0
4331_01,1.0
4341_01,0.9696969696969697
4341_02,1.0
4342_01,0.9090909090909091
4353_01,0.0
4355_01,1.0
4363_01,0.696969696969697
4374_01,0.06060606060606061
4375_01,1.0
4377_01,1.0
4377_02,0.18181818181818182
4377_03,1.0
4378_01,0.0
4378_02,0.030303030303030304
4379_01,1.0
4380_01,0.0
4381_01,0.7878787878787878
4381_02,0.06060606060606061
4384_01,0.803030303030303
4385_01,0.24242424242424243
4385_02,1.0
4385_03,1.0
4389_01,0.0
4394_01,0.0
4398_01,0.0
4406_01,0.015151515151515152
4412_01,0.06060606060606061
4414_01,1.0
4417_01,1.0
4418_01,0.09090909090909091
4419_01,0.0
4419_02,0.030303030303030304
4420_01,0.0
4420_02,0.6666666666666666
4421_01,0.12121212121212122
4423_01,0.030303030303030304
4425_01,1.0
4425_02,0.24242424242424243
4434_01,0.0
4435_01,1.0
4435_02,0.21212121212121213
4439_01,1.0
4439_02,0.09090909090909091
4442_01,0.5151515151515151
4443_01,0.8333333333333334
4443_02,0.12121212121212122
4454_01,1.0
4455_01,0.09090909090909091
4455_02,0.09090909090909091
4455_03,1.0
4458_01,1.0
4460_01,1.0
4468_01,1.0
4471_01,0.030303030303030304
4478_01,0.15151515151515152
4480_01,1.0
4481_01,0.030303030303030304
4484_01,0.030303030303030304
4488_01,0.030303030303030304
4489_01,0.0
4495_01,0.0
4499_01,1.0
4503_01,0.030303030303030304
4504_01,0.696969696969697
4507_01,0.030303030303030304
4513_01,0.6666666666666666
4519_01,0.48484848484848486
4520_01,0.0
4523_01,1.0
4523_02,1.0
4523_03,0.030303030303030304
4523_04,1.0
4523_05,1.0
4523_06,1.0
4525_01,0.030303030303030304
4526_01,0.48484848484848486
4527_01,0.030303030303030304
4528_01,0.6060606060606061
4536_01,0.12121212121212122
4540_01,1.0
4541_01,0.0
4545_01,0.0
4548_01,1.0
4551_01,0.7878787878787878
4551_02,0.3333333333333333
4551_03,1.0
4551_04,0.696969696969697
4554_01,0.0
4556_01,0.030303030303030304
4566_01,0.0
4578_01,0.0
4579_01,1.0
4582_01,0.9393939393939394
4582_02,1.0
4582_03,1.0
4582_04,1.0
4582_05,1.0
4582_06,0.48484848484848486
4582_07,1.0
4583_01,1.0
4583_02,1.0
4583_03,0.42424242424242425
4584_01,0.09090909090909091
4588_01,0.06060606060606061
4589_01,0.5151515151515151
4590_01,0.09090909090909091
4598_01,0.06060606060606061
4599_01,1.0
4600_01,1.0
4600_02,1.0
4601_01,0.030303030303030304
4614_01,0.030303030303030304
4614_02,0.09090909090909091
4616_01,0.0
4618_01,0.09090909090909091
4619_01,0.6060606060606061
4626_01,1.0
4626_02,0.0
4627_01,0.0
4629_01,0.030303030303030304
4636_01,1.0
4639_01,1.0
4639_02,1.0
4639_03,0.0
4639_04,0.12121212121212122
4639_05,1.0
4639_06,1.0
4647_01,1.0
4660_01,0.8181818181818182
4666_01,0.030303030303030304
4669_01,1.0
4670_01,0.15151515151515152
4671_01,1.0
4671_02,1.0
4671_03,1.0
4671_04,1.0
4674_01,0.030303030303030304
4675_01,0.7878787878787878
4675_02,0.06060606060606061
4681_01,0.0
4682_01,1.0
4683_01,1.0
4683_02,0.48484848484848486
4685_01,1.0
4687_01,0.06060606060606061
4688_01,0.0
4692_01,0.06060606060606061
4697_01,1.0
4698_01,1.0
4700_01,1.0
4701_01,1.0
4701_02,1.0
4701_03,0.7878787878787878
4701_04,1.0
4702_01,1.0
4702_02,0.0
4703_01,1.0
4703_02,1.0
4705_01,0.6515151515151515
4705_02,0.06060606060606061
4707_01,0.030303030303030304
4707_02,0.18181818181818182
4715_01,1.0
4716_01,0.030303030303030304
4718_01,1.0
4722_01,0.0
4724_01,1.0
4727_01,0.030303030303030304
4727_02,1.0
4729_01,0.030303030303030304
4731_01,1.0
4734_01,0.0
4735_01,0.0
4736_01,1.0
4737_01,0.045454545454545456
4740_01,1.0
4742_01,0.030303030303030304
4745_01,1.0
4747_01,1.0
4747_02,0.09090909090909091
4749_01,0.0
4751_01,0.0
4760_01,0.30303030303030304
4761_01,1.0
4761_02,1.0
4761_03,0.6363636363636364
4765_01,1.0
4766_01,1.0
4767_01,0.9090909090909091
4768_01,0.09090909090909091
4768_02,1.0
4771_01,0.7121212121212122
4776_01,1.0
4776_02,1.0
4776_03,1.0
4776_04,1.0
4779_01,0.06060606060606061
4781_01,0.0
4789_01,1.0
4799_01,0.0
4799_02,0.15151515151515152
4799_03,0.015151515151515152
4800_01,0.0
4802_01,1.0
4802_02,0.06060606060606061
4805_01,1.0
4806_01,0.7575757575757576
4809_01,0.0
4811_01,1.0
4812_01,1.0
4816_01,0.09090909090909091
4820_01,0.3333333333333333
4820_02,0.09090909090909091
4821_01,0.030303030303030304
4824_01,0.9393939393939394
4825_01,1.0
4826_01,0.36363636363636365
4833_01,0.0
4833_02,0.09090909090909091
4834_01,1.0
4835_01,0.0
4839_01,0.06060606060606061
4843_01,0.030303030303030304
4843_02,0.030303030303030304
4844_01,0.18181818181818182
4849_01,1.0
4852_01,1.0
4854_01,1.0
4855_01,1.0
4855_02,1.0
4858_01,0.0
4859_01,1.0
4860_01,0.18181818181818182
4861_01,0.0
4865_01,0.0
4867_01,0.0
4869_01,0.06060606060606061
4872_01,0.030303030303030304
4877_01,0.030303030303030304
4894_01,1.0
4905_01,1.0
4906_01,0.15151515151515152
4907_01,1.0
4908_01,0.030303030303030304
4914_01,0.0
4919_01,0.06060606060606061
4921_01,0.0
4922_01,0.8484848484848485
4926_01,0.0
4928_01,0.09090909090909091
4931_01,0.696969696969697
4935_01,0.06060606060606061
4935_02,1.0
4935_03,0.6363636363636364
4936_01,0.12121212121212122
4947_01,0.09090909090909091
4948_01,0.030303030303030304
4949_01,1.0
4949_02,0.0
4953_01,1.0
4955_01,0.030303030303030304
4957_01,1.0
4959_01,1.0
4960_01,0.0
4962_01,1.0
4966_01,0.8484848484848485
4966_02,1.0
4967_01,0.21212121212121213
4968_01,1.0
4969_01,0.21212121212121213
4969_02,0.803030303030303
4971_01,1.0
4976_01,0.18181818181818182
4982_01,1.0
4984_01,0.09090909090909091
4984_02,0.09090909090909091
4985_01,1.0
4986_01,0.06060606060606061
4988_01,1.0
4993_01,0.9696969696969697
4994_01,0.0
5001_01,1.0
5002_01,1.0
5011_01,1.0
5022_01,0.12121212121212122
5024_01,1.0
5024_02,1.0
5024_03,1.0
5024_04,0.030303030303030304
5024_05,1.0
5026_01,0.15151515151515152
5029_01,1.0
5029_02,1.0
5030_01,0.696969696969697
5031_01,0.0
5031_02,0.30303030303030304
5033_01,0.15151515151515152
5033_02,0.0
5037_01,1.0
5038_01,0.030303030303030304
5038_02,1.0
5041_01,0.15151515151515152
5043_01,1.0
5043_02,1.0
5043_03,1.0
5045_01,1.0
5046_01,1.0
5047_01,1.0
5049_01,0.0
5053_01,0.06060606060606061
5054_01,0.0
5055_01,1.0
5056_01,0.8484848484848485
5056_02,0.9090909090909091
5066_01,0.45454545454545453
5071_01,0.18181818181818182
5075_01,0.8181818181818182
5077_01,0.15151515151515152
5078_01,0.06060606060606061
5079_01,1.0
5081_01,0.2727272727272727
5082_01,0.18181818181818182
5086_01,1.0
5086_02,0.9090909090909091
5092_01,0.36363636363636365
5094_01,1.0
5094_02,0.0
5096_01,0.0
5096_02,0.06060606060606061
5098_01,0.030303030303030304
5098_02,1.0
5098_03,1.0
5099_01,0.0
5100_01,1.0
5101_01,1.0
5102_01,0.0
5107_01,0.030303030303030304
5110_01,1.0
5113_01,0.0
5114_01,1.0
5117_01,0.0
5118_01,0.21212121212121213
5119_01,0.12121212121212122
5121_01,0.0
5123_01,0.0
5131_01,0.2727272727272727
5131_02,1.0
5134_01,0.030303030303030304
5135_01,0.030303030303030304
5139_01,0.09090909090909091
5141_01,1.0
5143_01,0.5151515151515151
5147_01,0.7575757575757576
5149_01,0.2727272727272727
5149_02,1.0
5150_01,1.0
5153_01,1.0
5155_01,0.0
5159_01,0.15151515151515152
5159_02,0.0
5164_01,0.8484848484848485
5164_02,1.0
5168_01,0.030303030303030304
5169_01,0.0
5172_01,0.030303030303030304
5178_01,0.3939393939393939
5183_01,0.696969696969697
5189_01,0.45454545454545453
5191_01,0.0
5195_01,0.12121212121212122
5200_01,0.0
5203_01,0.48484848484848486
5203_02,1.0
5212_01,0.09090909090909091
5215_01,0.030303030303030304
5219_01,1.0
5219_02,0.09090909090909091
5222_01,1.0
5228_01,0.0
5228_02,0.18181818181818182
5231_01,0.0
5232_01,0.0
5232_02,0.0
5233_01,0.6363636363636364
5237_01,1.0
5241_01,0.6363636363636364
5241_02,1.0
5245_01,0.15151515151515152
5259_01,0.030303030303030304
5261_01,0.09090909090909091
5263_01,0.0
5267_01,1.0
5267_02,1.0
5267_03,0.30303030303030304
5270_01,1.0
5283_01,0.12121212121212122
5284_01,1.0
5285_01,1.0
5286_01,0.09090909090909091
5289_01,0.9393939393939394
5293_01,0.0
5293_02,0.030303030303030304
5294_01,0.09090909090909091
5295_01,0.06060606060606061
5296_01,0.0
5302_01,1.0
5306_01,0.0
5306_02,0.9696969696969697
5308_01,1.0
5308_02,1.0
5308_03,0.0
5309_01,1.0
5311_01,1.0
5317_01,0.0
5317_02,1.0
5318_01,1.0
5318_02,0.696969696969697
5319_01,0.0
5321_01,0.09090909090909091
5324_01,1.0
5328_01,1.0
5329_01,0.0
5329_02,1.0
5329_03,1.0
5329_04,1.0
5329_05,0.12121212121212122
5329_06,1.0
5329_07,1.0
5332_01,0.9090909090909091
5335_01,1.0
5335_02,1.0
5335_03,0.36363636363636365
5335_04,0.42424242424242425
5336_01,0.5454545454545454
5338_01,0.3181818181818182
5339_01,0.06060606060606061
5339_02,0.7272727272727273
5339_03,1.0
5342_01,0.0
5349_01,1.0
5352_01,1.0
5357_01,1.0
5357_02,1.0
5357_03,0.030303030303030304
5357_04,0.0
5358_01,0.36363636363636365
5364_01,1.0
5369_01,0.6363636363636364
5369_02,0.030303030303030304
5369_03,1.0
5370_01,0.12121212121212122
5371_01,1.0
5371_02,0.0
5371_03,1.0
5371_04,1.0
5373_01,0.030303030303030304
5376_01,1.0
5376_02,1.0
5377_01,1.0
5381_01,0.0
5382_01,1.0
5382_02,1.0
5386_01,1.0
5391_01,0.030303030303030304
5393_01,0.0
5398_01,1.0
5399_01,0.030303030303030304
5400_01,1.0
5403_01,0.06060606060606061
5405_01,0.0
5407_01,1.0
5409_01,0.0
5417_01,0.0
5419_01,0.0
5426_01,0.30303030303030304
5428_01,0.030303030303030304
5428_02,1.0
5429_01,0.06060606060606061
5432_01,0.9090909090909091
5433_01,0.8181818181818182
5439_01,0.015151515151515152
5442_01,0.0
5444_01,0.0
5448_01,0.030303030303030304
5449_01,0.06060606060606061
5456_01,0.06060606060606061
5460_01,0.030303030303030304
5461_01,0.0
5464_01,0.0
5473_01,1.0
5473_02,0.0
5481_01,1.0
5482_01,0.21212121212121213
5482_02,0.0
5486_01,0.8484848484848485
5493_01,1.0
5495_01,1.0
5498_01,1.0
5498_02,1.0
5502_01,0.9696969696969697
5503_01,0.0
5505_01,0.06060606060606061
5505_02,1.0
5505_03,0.8484848484848485
5513_01,1.0
5513_02,1.0
5513_03,0.0
5513_04,0.696969696969697
5516_01,0.015151515151515152
5518_01,0.030303030303030304
5519_01,0.06060606060606061
5525_01,0.24242424242424243
5532_01,0.6060606060606061
5533_01,0.09090909090909091
5534_01,0.12121212121212122
5542_01,0.0
5547_01,1.0
5548_01,0.15151515151515152
5549_01,1.0
5553_01,1.0
5553_02,0.6363636363636364
5554_01,1.0
5558_01,0.06060606060606061
5562_01,1.0
5562_02,1.0
5564_01,0.0
5565_01,0.09090909090909091
5567_01,0.0
5570_01,1.0
5576_01,0.030303030303030304
5577_01,1.0
5577_02,0.8484848484848485
5577_03,1.0
5577_04,1.0
5577_05,1.0
5579_01,1.0
5584_01,1.0
5584_02,0.0
5588_01,0.030303030303030304
5588_02,1.0
5588_03,1.0
5588_04,0.8484848484848485
5588_05,1.0
5590_01,1.0
5593_01,0.0
5597_01,0.8939393939393939
5600_01,1.0
5604_01,0.0
5605_01,0.0
5607_01,1.0
5612_01,1.0
5617_01,0.0
5620_01,0.9090909090909091
5620_02,0.0
5621_01,0.0
5624_01,0.8484848484848485
5630_01,1.0
5632_01,1.0
5633_01,0.09090909090909091
5634_01,0.5757575757575758
5635_01,0.06060606060606061
5636_01,0.0
5638_01,1.0
5641_01,1.0
5649_01,1.0
5654_01,0.0
5656_01,0.36363636363636365
5657_01,0.0
5658_01,0.0
5660_01,0.0
5664_01,1.0
5664_02,1.0
5664_03,1.0
5664_04,0.5909090909090909
5665_01,0.030303030303030304
5666_01,0.030303030303030304
5668_01,1.0
5669_01,1.0
5670_01,1.0
5672_01,1.0
5675_01,0.7424242424242424
5676_01,1.0
5678_01,1.0
5678_02,1.0
5682_01,0.2727272727272727
5683_01,0.030303030303030304
5690_01,0.0
5691_01,1.0
5694_01,1.0
5697_01,0.5151515151515151
5699_01,0.12121212121212122
5703_01,0.06060606060606061
5708_01,0.8484848484848485
5715_01,0.36363636363636365
5715_02,0.42424242424242425
5720_01,0.5151515151515151
5720_02,0.12121212121212122
5731_01,0.030303030303030304
5731_02,0.8787878787878788
5734_01,1.0
5734_02,0.030303030303030304
5741_01,0.030303030303030304
5743_01,0.0
5745_01,1.0
5749_01,0.0
5752_01,0.030303030303030304
5753_01,0.06060606060606061
5754_01,0.06060606060606061
5759_01,1.0
5760_01,0.15151515151515152
5762_01,0.06060606060606061
5766_01,1.0
5770_01,0.9393939393939394
5774_01,0.0
5775_01,1.0
5782_01,0.0
5782_02,0.0
5782_03,0.8181818181818182
5782_04,1.0
5784_01,0.5757575757575758
5787_01,0.12121212121212122
5787_02,1.0
5787_03,0.6060606060606061
5789_01,1.0
5789_02,1.0
5797_01,1.0
5798_01,0.09090909090909091
5801_01,0.09090909090909091
5803_01,1.0
5805_01,0.0
5807_01,0.06060606060606061
5815_01,0.030303030303030304
5815_02,0.0
5815_03,0.09090909090909091
5815_04,0.0
5830_01,0.45454545454545453
5832_01,0.0
5833_01,0.696969696969697
5838_01,0.7878787878787878
5841_01,1.0
5841_02,1.0
5841_03,0.696969696969697
5845_01,1.0
5850_01,1.0
5851_01,0.0
5851_02,1.0
5853_01,0.0
5862_01,0.06060606060606061
5864_01,0.4090909090909091
5865_01,0.030303030303030304
5866_01,0.5454545454545454
5870_01,1.0
5872_01,0.7121212121212122
5873_01,0.0
5873_02,1.0
5873_03,0.0
5881_01,1.0
5883_01,1.0
5884_01,0.36363636363636365
5892_01,0.0
5893_01,0.06060606060606061
5893_02,1.0
5895_01,0.0
5896_01,0.8484848484848485
5899_01,0.0
5904_01,1.0
5904_02,0.030303030303030304
5910_01,0.15151515151515152
5911_01,1.0
5911_02,0.06060606060606061
5911_03,0.06060606060606061
5911_04,1.0
5911_05,0.696969696969697
5911_06,1.0
5914_01,1.0
5917_01,0.7878787878787878
5918_01,1.0
5926_01,1.0
5929_01,0.6060606060606061
5932_01,0.030303030303030304
5935_01,0.0
5936_01,1.0
5936_02,1.0
5936_03,0.0
5936_04,0.36363636363636365
5936_05,0.0
5937_01,1.0
5940_01,0.09090909090909091
5942_01,1.0
5942_02,1.0
5943_01,0.0
5948_01,0.030303030303030304
5958_01,0.3333333333333333
5961_01,1.0
5961_02,1.0
5962_01,0.6666666666666666
5964_01,1.0
5964_02,0.8484848484848485
5966_01,1.0
5966_02,1.0
5978_01,0.030303030303030304
5978_02,1.0
5979_01,1.0
5982_01,0.030303030303030304
5996_01,1.0
5997_01,0.5757575757575758
5997_02,1.0
6002_01,1.0
6005_01,1.0
6005_02,1.0
6005_03,1.0
6005_04,0.0
6005_05,1.0
6009_01,0.06060606060606061
6009_02,0.030303030303030304
6012_01,0.06060606060606061
6013_01,1.0
6018_01,0.0
6021_01,1.0
6023_01,0.0
6037_01,1.0
6044_01,0.12121212121212122
6044_02,1.0
6046_01,0.5454545454545454
6050_01,1.0
6051_01,0.0
6051_02,0.0
6053_01,0.0
6056_01,0.0
6057_01,0.30303030303030304
6060_01,0.3333333333333333
6063_01,1.0
6072_01,0.0
6074_01,0.2727272727272727
6074_02,1.0
6074_03,1.0
6078_01,0.7272727272727273
6079_01,1.0
6081_01,1.0
6081_02,0.0
6081_03,1.0
6081_04,1.0
6083_01,0.030303030303030304
6084_01,0.6060606060606061
6088_01,0.6666666666666666
6089_01,1.0
6093_01,0.7878787878787878
6097_01,0.15151515151515152
6100_01,0.15151515151515152
6104_01,1.0
6113_01,0.0
6114_01,0.0
6119_01,1.0
6119_02,0.7878787878787878
6119_03,1.0
6125_01,0.09090909090909091
6129_01,0.09090909090909091
6131_01,0.0
6134_01,1.0
6140_01,1.0
6142_01,0.15151515151515152
6142_02,1.0
6144_01,1.0
6147_01,0.0
6151_01,0.030303030303030304
6151_02,1.0
6154_01,1.0
6159_01,0.030303030303030304
6160_01,0.2727272727272727
6160_02,1.0
6161_01,1.0
6164_01,0.7575757575757576
6165_01,0.8484848484848485
6177_01,0.06060606060606061
6183_01,0.030303030303030304
6185_01,0.0
6187_01,1.0
6188_01,1.0
6190_01,0.8181818181818182
6193_01,0.7878787878787878
6193_02,1.0
6193_03,0.0
6193_04,0.18181818181818182
6195_01,0.0
6196_01,1.0
6197_01,1.0
6198_01,0.030303030303030304
6202_01,0.45454545454545453
6203_01,0.09090909090909091
6204_01,0.8181818181818182
6209_01,0.0
6209_02,1.0
6210_01,0.696969696969697
6212_01,1.0
6214_01,0.7878787878787878
6217_01,1.0
6217_02,0.0
6221_01,1.0
6226_01,0.030303030303030304
6231_01,1.0
6231_02,1.0
6231_03,0.030303030303030304
6233_01,0.15151515151515152
6233_02,0.09090909090909091
6233_03,1.0
6235_01,1.0
6240_01,0.696969696969697
6242_01,1.0
6244_01,0.0
6244_02,1.0
6247_01,0.0
6255_01,1.0
6257_01,1.0
6257_02,0.0
6257_03,1.0
6258_01,0.7272727272727273
6259_01,0.12121212121212122
6260_01,0.06060606060606061
6260_02,0.0
6261_01,1.0
6261_02,1.0
6267_01,0.030303030303030304
6267_02,0.15151515151515152
6267_03,1.0
6267_04,1.0
6267_05,1.0
6267_06,1.0
6269_01,0.12121212121212122
6269_02,0.0
6269_03,1.0
6272_01,0.09090909090909091
6272_02,1.0
6275_01,0.7272727272727273
6278_01,1.0
6278_02,1.0
6284_01,1.0
6286_01,0.06060606060606061
6286_02,1.0
6287_01,0.030303030303030304
6287_02,0.030303030303030304
6288_01,1.0
6288_02,0.030303030303030304
6288_03,1.0
6288_04,0.8787878787878788
6291_01,0.0
6294_01,1.0
6295_01,1.0
6295_02,0.2727272727272727
6298_01,1.0
6303_01,0.0
6306_01,1.0
6307_01,0.12121212121212122
6310_01,0.030303030303030304
6311_01,0.7272727272727273
6312_01,0.42424242424242425
6312_02,0.0
6314_01,0.09090909090909091
6329_01,0.09090909090909091
6332_01,1.0
6332_02,0.9696969696969697
6332_03,1.0
6332_04,0.030303030303030304
6332_05,0.0
6332_06,1.0
6332_07,1.0
6332_08,0.0
6333_01,0.0
6336_01,0.696969696969697
6337_01,1.0
6342_01,0.3939393939393939
6342_02,0.0
6345_01,1.0
6345_02,1.0
6350_01,0.7878787878787878
6352_01,1.0
6352_02,0.9090909090909091
6358_01,0.9393939393939394
6358_02,1.0
6359_01,0.0
6362_01,0.7272727272727273
6364_01,1.0
6375_01,0.06060606060606061
6377_01,1.0
6379_01,0.030303030303030304
6382_01,0.09090909090909091
6383_01,1.0
6383_02,1.0
6383_03,0.2727272727272727
6384_01,0.18181818181818182
6386_01,0.5606060606060606
6387_01,0.15151515151515152
6389_01,0.030303030303030304
6391_01,0.696969696969697
6391_02,1.0
6392_01,1.0
6393_01,1.0
6395_01,0.3484848484848485
6401_01,0.45454545454545453
6401_02,0.030303030303030304
6403_01,0.0
6410_01,0.030303030303030304
6410_02,0.0
6417_01,1.0
6420_01,0.2727272727272727
6423_01,0.15151515151515152
6425_01,0.0
6425_02,1.0
6426_01,0.0
6427_01,1.0
6429_01,0.8181818181818182
6435_01,0.0
6438_01,0.0
6440_01,1.0
6441_01,0.030303030303030304
6445_01,0.06060606060606061
6460_01,0.24242424242424243
6465_01,1.0
6466_01,0.030303030303030304
6467_01,0.5454545454545454
6469_01,1.0
6474_01,0.12121212121212122
6476_01,0.06060606060606061
6479_01,1.0
6479_02,1.0
6483_01,1.0
6484_01,0.30303030303030304
6486_01,1.0
6491_01,0.030303030303030304
6491_02,0.06060606060606061
6491_03,1.0
6495_01,0.030303030303030304
6496_01,1.0
6496_02,0.45454545454545453
6497_01,0.5757575757575758
6498_01,1.0
6499_01,1.0
6499_02,0.0
6499_03,1.0
6499_04,1.0
6499_05,0.0
6499_06,1.0
6499_07,1.0
6499_08,1.0
6504_01,0.696969696969697
6504_02,0.7575757575757576
6505_01,0.06060606060606061
6506_01,0.0
6506_02,0.06060606060606061
6507_01,1.0
6515_01,0.8787878787878788
6516_01,1.0
6516_02,1.0
6518_01,1.0
6519_01,0.0
6521_01,0.0
6524_01,0.06060606060606061
6527_01,1.0
6528_01,1.0
6532_01,0.12121212121212122
6533_01,0.696969696969697
6533_02,0.06060606060606061
6534_01,0.030303030303030304
6536_01,0.24242424242424243
6537_01,0.030303030303030304
6538_01,0.030303030303030304
6542_01,0.030303030303030304
6543_01,0.8484848484848485
6550_01,0.0
6551_01,0.8484848484848485
6554_01,1.0
6555_01,0.7575757575757576
6559_01,1.0
6559_02,1.0
6559_03,0.24242424242424243
6564_01,0.18181818181818182
6564_02,1.0
6566_01,0.06060606060606061
6571_01,0.030303030303030304
6575_01,1.0
6576_01,1.0
6577_01,0.42424242424242425
6577_02,0.030303030303030304
6577_03,1.0
6579_01,1.0
6581_01,0.06060606060606061
6584_01,0.9242424242424242
6586_01,0.0
6587_01,1.0
6589_01,1.0
6596_01,0.803030303030303
6596_02,0.0
6597_01,0.06060606060606061
6600_01,0.9393939393939394
6600_02,0.030303030303030304
6605_01,1.0
6605_02,1.0
6607_01,0.3939393939393939
6610_01,1.0
6612_01,1.0
6612_02,0.0
6612_03,0.030303030303030304
6612_04,1.0
6612_05,1.0
6612_06,1.0
6615_01,1.0
6617_01,1.0
6617_02,1.0
6617_03,1.0
6619_01,0.0
6627_01,1.0
6629_01,1.0
6632_01,0.3333333333333333
6636_01,1.0
6640_01,1.0
6644_01,0.030303030303030304
6648_01,1.0
6651_01,0.06060606060606061
6653_01,0.5151515151515151
6657_01,1.0
6658_01,1.0
6658_02,1.0
6658_03,0.06060606060606061
6661_01,0.6363636363636364
6666_01,0.21212121212121213
6677_01,1.0
6678_01,0.12121212121212122
6678_02,0.696969696969697
6679_01,0.030303030303030304
6682_01,1.0
6682_02,0.2727272727272727
6685_01,0.030303030303030304
6686_01,0.15151515151515152
6687_01,0.0
6688_01,1.0
6689_01,0.0
6689_02,0.36363636363636365
6690_01,1.0
6695_01,0.24242424242424243
6696_01,0.8787878787878788
6700_01,1.0
6700_02,0.0
6701_01,1.0
6703_01,0.030303030303030304
6704_01,1.0
6705_01,0.09090909090909091
6710_01,1.0
6712_01,0.0
6714_01,0.030303030303030304
6715_01,0.09090909090909091
6716_01,0.0
6717_01,1.0
6723_01,0.09090909090909091
6728_01,1.0
6732_01,0.2727272727272727
6733_01,0.5606060606060606
6735_01,0.030303030303030304
6737_01,0.5151515151515151
6738_01,0.06060606060606061
6738_02,1.0
6740_01,0.030303030303030304
6743_01,1.0
6752_01,0.030303030303030304
6752_02,0.030303030303030304
6752_03,0.030303030303030304
6755_01,0.0
6759_01,1.0
6767_01,0.0
6767_02,0.030303030303030304
6768_01,0.030303030303030304
6769_01,1.0
6770_01,1.0
6770_02,1.0
6770_03,1.0
6771_01,0.030303030303030304
6772_01,1.0
6772_02,0.12121212121212122
6777_01,1.0
6781_01,1.0
6783_01,1.0
6785_01,1.0
6790_01,0.06060606060606061
6791_01,0.803030303030303
6793_01,0.5454545454545454
6793_02,1.0
6795_01,0.0
6797_01,0.030303030303030304
6803_01,0.36363636363636365
6804_01,0.2727272727272727
6807_01,0.7575757575757576
6807_02,0.7878787878787878
6809_01,0.0
6811_01,1.0
6812_01,0.0
6812_02,0.030303030303030304
6815_01,0.0
6819_01,0.09090909090909091
6819_02,1.0
6819_03,1.0
6823_01,0.8484848484848485
6828_01,1.0
6830_01,1.0
6835_01,1.0
6835_02,0.48484848484848486
6836_01,0.030303030303030304
6838_01,1.0
6838_02,0.09090909090909091
6838_03,0.09090909090909091
6842_01,0.06060606060606061
6845_01,1.0
6846_01,0.030303030303030304
6847_01,0.0
6849_01,0.0
6852_01,0.24242424242424243
6852_02,0.030303030303030304
6855_01,0.6363636363636364
6856_01,0.045454545454545456
6860_01,0.030303030303030304
6867_01,0.12121212121212122
6870_01,0.0
6872_01,1.0
6874_01,1.0
6875_01,0.12121212121212122
6875_02,0.06060606060606061
6875_03,0.48484848484848486
6876_01,0.7575757575757576
6876_02,1.0
6876_03,1.0
6877_01,0.06060606060606061
6878_01,1.0
6881_01,0.06060606060606061
6884_01,1.0
6886_01,1.0
6888_01,0.0
6888_02,1.0
6888_03,1.0
6888_04,0.030303030303030304
6890_01,0.06060606060606061
6897_01,0.06060606060606061
6904_01,1.0
6904_02,1.0
6904_03,0.3939393939393939
6909_01,1.0
6914_01,1.0
6916_01,1.0
6919_01,1.0
6922_01,1.0
6923_01,1.0
6927_01,0.12121212121212122
6933_01,1.0
6933_02,0.696969696969697
6935_01,0.0
6936_01,0.0
6936_02,0.0
6936_03,1.0
6938_01,1.0
6941_01,1.0
6942_01,1.0
6948_01,1.0
6952_01,1.0
6953_01,0.42424242424242425
6955_01,0.09090909090909091
6956_01,0.030303030303030304
6958_01,0.42424242424242425
6959_01,0.0
6959_02,1.0
6959_03,1.0
6961_01,0.030303030303030304
6961_02,0.15151515151515152
6965_01,0.7878787878787878
6969_01,0.0
6974_01,0.0
6975_01,0.0
6983_01,1.0
6983_02,0.06060606060606061
6986_01,1.0
6986_02,0.06060606060606061
6986_03,1.0
6986_04,1.0
6986_05,1.0
6986_06,0.6212121212121212
6986_07,0.7575757575757576
6986_08,1.0
6989_01,1.0
6993_01,0.0
7000_01,1.0
7003_01,0.030303030303030304
7009_01,0.0
7009_02,0.0
7012_01,1.0
7023_01,0.06060606060606061
7024_01,1.0
7030_01,0.030303030303030304
7033_01,0.6363636363636364
7035_01,1.0
7043_01,1.0
7046_01,0.030303030303030304
7046_02,0.030303030303030304
7046_03,0.030303030303030304
7054_01,0.9090909090909091
7054_02,1.0
7055_01,0.696969696969697
7063_01,0.48484848484848486
7063_02,0.0
7064_01,0.5757575757575758
7065_01,0.8484848484848485
7066_01,0.030303030303030304
7066_02,1.0
7067_01,1.0
7067_02,1.0
7067_03,0.030303030303030304
7070_01,0.7272727272727273
7075_01,0.06060606060606061
7076_01,1.0
7081_01,0.6363636363636364
7081_02,1.0
7100_01,0.9090909090909091
7100_02,0.09090909090909091
7101_01,0.15151515151515152
7101_02,0.09090909090909091
7102_01,1.0
7103_01,0.0
7103_02,1.0
7107_01,1.0
7108_01,0.06060606060606061
7112_01,0.9090909090909091
7115_01,1.0
7122_01,0.9393939393939394
7123_01,0.030303030303030304
7124_01,1.0
7124_02,1.0
7124_03,0.18181818181818182
7125_01,1.0
7129_01,0.30303030303030304
7130_01,0.696969696969697
7130_02,1.0
7130_03,0.15151515151515152
7130_04,0.0
7130_05,1.0
7130_06,1.0
7130_07,0.030303030303030304
7131_01,0.7575757575757576
7135_01,1.0
7135_02,0.7272727272727273
7135_03,0.5454545454545454
7135_04,1.0
7136_01,1.0
7138_01,0.030303030303030304
7139_01,0.0
7141_01,0.15151515151515152
7145_01,0.06060606060606061
7146_01,0.06060606060606061
7147_01,1.0
7150_01,0.30303030303030304
7150_02,1.0
7153_01,0.0
7154_01,0.030303030303030304
7158_01,0.0
7163_01,1.0
7163_02,1.0
7163_03,0.030303030303030304
7164_01,0.15151515151515152
7169_01,1.0
7172_01,0.15151515151515152
7172_02,0.0
7174_01,0.030303030303030304
7178_01,1.0
7183_01,1.0
7185_01,1.0
7195_01,1.0
7196_01,1.0
7198_01,1.0
7201_01,0.09090909090909091
7204_01,0.0
7209_01,1.0
7209_02,0.45454545454545453
7211_01,0.0
7212_01,0.9242424242424242
7213_01,1.0
7220_01,0.0
7222_01,0.6666666666666666
7223_01,1.0
7228_01,1.0
7231_01,0.06060606060606061
7237_01,1.0
7239_01,1.0
7241_01,1.0
7241_02,0.030303030303030304
7243_01,1.0
7243_02,1.0
7243_03,1.0
7243_04,0.030303030303030304
7243_05,1.0
7244_01,1.0
7245_01,0.8787878787878788
7248_01,0.06060606060606061
7248_02,1.0
7251_01,1.0
7254_01,0.0
7262_01,0.0
7263_01,0.2727272727272727
7264_01,0.0
7265_01,0.18181818181818182
7266_01,0.030303030303030304
7266_02,1.0
7266_03,1.0
7269_01,0.06060606060606061
7269_02,1.0
7272_01,0.8484848484848485
7275_01,0.45454545454545453
7281_01,0.09090909090909091
7282_01,1.0
7286_01,0.0
7287_01,1.0
7288_01,0.030303030303030304
7291_01,1.0
7293_01,0.6363636363636364
7294_01,0.030303030303030304
7295_01,0.48484848484848486
7295_02,0.0
7299_01,0.7121212121212122
7308_01,1.0
7312_01,0.21212121212121213
7315_01,1.0
7316_01,0.7727272727272727
7317_01,0.0
7318_01,0.0
7319_01,0.06060606060606061
7319_02,0.5757575757575758
7319_03,0.8484848484848485
7325_01,0.030303030303030304
7329_01,0.15151515151515152
7329_02,0.21212121212121213
7329_03,0.6060606060606061
7333_01,0.06060606060606061
7335_01,1.0
7345_01,0.0
7348_01,0.030303030303030304
7348_02,1.0
7348_03,1.0
7349_01,0.06060606060606061
7352_01,0.0
7354_01,1.0
7354_02,1.0
7354_03,0.8484848484848485
7354_04,0.0
7354_05,1.0
7354_06,0.18181818181818182
7355_01,0.030303030303030304
7357_01,1.0
7362_01,0.030303030303030304
7363_01,1.0
7364_01,0.696969696969697
7368_01,1.0
7369_01,0.030303030303030304
7373_01,1.0
7373_02,1.0
7375_01,0.7878787878787878
7378_01,0.030303030303030304
7380_01,1.0
7380_02,1.0
7380_03,0.030303030303030304
7380_04,1.0
7381_01,1.0
7382_01,1.0
7383_01,1.0
7383_02,0.030303030303030304
7384_01,0.0
7386_01,1.0
7389_01,1.0
7397_01,1.0
7400_01,0.06060606060606061
7404_01,1.0
7407_01,0.48484848484848486
7409_01,0.06060606060606061
7409_02,0.696969696969697
7412_01,1.0
7413_01,1.0
7413_02,1.0
7414_01,0.06060606060606061
7415_01,0.030303030303030304
7417_01,0.06060606060606061
7417_02,0.06060606060606061
7420_01,0.030303030303030304
7421_01,1.0
7421_02,0.8484848484848485
7423_01,0.0
7423_02,1.0
7424_01,0.0
7426_01,1.0
7426_02,0.696969696969697
7426_03,1.0
7433_01,0.696969696969697
7434_01,0.0
7439_01,0.0
7439_02,1.0
7440_01,0.0
7441_01,1.0
7443_01,1.0
7451_01,0.2727272727272727
7454_01,0.06060606060606061
7463_01,0.0
7465_01,0.06060606060606061
7466_01,0.0
7467_01,0.030303030303030304
7468_01,0.15151515151515152
7469_01,0.030303030303030304
7470_01,1.0
7471_01,1.0
7471_02,0.0
7473_01,0.030303030303030304
7473_02,0.06060606060606061
7474_01,1.0
7476_01,0.8181818181818182
7480_01,0.030303030303030304
7482_01,1.0
7482_02,0.030303030303030304
7489_01,0.696969696969697
7489_02,0.030303030303030304
7489_03,0.8484848484848485
7491_01,1.0
7493_01,0.5909090909090909
7497_01,1.0
7511_01,0.21212121212121213
7516_01,0.8939393939393939
7519_01,0.0
7526_01,1.0
7528_01,1.0
7528_02,0.696969696969697
7528_03,0.06060606060606061
7528_04,1.0
7530_01,1.0
7530_02,0.0
7530_03,0.0
7530_04,0.0
7532_01,1.0
7537_01,1.0
7539_01,1.0
7539_02,0.3939393939393939
7540_01,0.06060606060606061
7541_01,1.0
7541_02,1.0
7541_03,1.0
7546_01,1.0
7547_01,0.7878787878787878
7548_01,0.09090909090909091
7551_01,0.6060606060606061
7554_01,1.0
7555_01,0.030303030303030304
7556_01,1.0
7556_02,1.0
7556_03,0.0
7556_04,1.0
7557_01,0.030303030303030304
7557_02,1.0
7557_03,1.0
7558_01,0.0
7558_02,1.0
7562_01,0.06060606060606061
7564_01,0.0
7566_01,0.15151515151515152
7570_01,1.0
7570_02,0.3939393939393939
7571_01,0.030303030303030304
7575_01,0.0
7581_01,0.36363636363636365
7582_01,1.0
7582_02,1.0
7582_03,1.0
7582_04,0.6060606060606061
7582_05,1.0
7587_01,0.8484848484848485
7589_01,1.0
7590_01,0.696969696969697
7591_01,0.7272727272727273
7591_02,0.8484848484848485
7593_01,1.0
7597_01,1.0
7597_02,1.0
7597_03,0.0
7597_04,1.0
7597_05,0.030303030303030304
7597_06,1.0
7597_07,0.030303030303030304
7600_01,1.0
7600_02,0.0
7602_01,1.0
7603_01,0.8787878787878788
7607_01,0.09090909090909091
7610_01,1.0
7610_02,0.3333333333333333
7611_01,0.0
7611_02,0.030303030303030304
7612_01,0.030303030303030304
7612_02,1.0
7613_01,1.0
7615_01,0.030303030303030304
7617_01,0.15151515151515152
7619_01,1.0
7629_01,0.5151515151515151
7629_02,0.24242424242424243
7629_03,1.0
7636_01,0.0
7637_01,1.0
7637_02,0.0
7637_03,1.0
7638_01,1.0
7642_01,0.696969696969697
7645_01,1.0
7648_01,0.9696969696969697
7651_01,1.0
7653_01,0.0
7654_01,1.0
7655_01,0.42424242424242425
7657_01,0.0
7658_01,0.45454545454545453
7659_01,0.0
7662_01,0.7878787878787878
7663_01,1.0
7664_01,0.030303030303030304
7668_01,0.18181818181818182
7672_01,0.0
7673_01,0.24242424242424243
7674_01,0.030303030303030304
7675_01,0.06060606060606061
7681_01,1.0
7685_01,1.0
7686_01,1.0
7695_01,0.45454545454545453
7701_01,0.09090909090909091
7704_01,0.696969696969697
7706_01,0.2727272727272727
7718_01,1.0
7722_01,0.24242424242424243
7725_01,1.0
7726_01,1.0
7730_01,0.09090909090909091
7732_01,0.030303030303030304
7733_01,0.030303030303030304
7734_01,0.803030303030303
7735_01,0.0
7737_01,1.0
7740_01,0.7424242424242424
7740_02,1.0
7745_01,0.5757575757575758
7750_01,0.06060606060606061
7756_01,0.7878787878787878
7758_01,0.0
7759_01,0.7272727272727273
7762_01,0.0
7765_01,1.0
7765_02,1.0
7765_03,1.0
7766_01,0.09090909090909091
7772_01,1.0
7779_01,0.3333333333333333
7781_01,0.030303030303030304
7792_01,0.696969696969697
7792_02,1.0
7792_03,1.0
7792_04,0.0
7792_05,1.0
7794_01,0.0
7795_01,0.06060606060606061
7795_02,0.9393939393939394
7796_01,0.06060606060606061
7798_01,0.0
7798_02,0.9696969696969697
7799_01,0.42424242424242425
7804_01,0.06060606060606061
7807_01,1.0
7811_01,1.0
7814_01,0.6060606060606061
7817_01,0.030303030303030304
7819_01,1.0
7822_01,0.06060606060606061
7823_01,1.0
7825_01,0.0
7825_02,0.9393939393939394
7825_03,0.0
7826_01,1.0
7827_01,1.0
7836_01,0.09090909090909091
7838_01,1.0
7844_01,0.12121212121212122
7846_01,0.030303030303030304
7846_02,1.0
7854_01,1.0
7855_01,0.06060606060606061
7857_01,1.0
7860_01,0.030303030303030304
7862_01,1.0
7867_01,0.07575757575757576
7869_01,0.0
7874_01,0.030303030303030304
7874_02,0.9848484848484849
7876_01,1.0
7880_01,1.0
7880_02,0.09090909090909091
7887_01,1.0
7893_01,1.0
7893_02,1.0
7893_03,0.7878787878787878
7893_04,1.0
7893_05,0.8484848484848485
7896_01,0.15151515151515152
7898_01,0.0
7900_01,0.0
7906_01,0.0
7909_01,0.030303030303030304
7909_02,0.030303030303030304
7911_01,1.0
7912_01,0.06060606060606061
7915_01,1.0
7915_02,0.0
7915_03,1.0
7917_01,0.7878787878787878
7921_01,0.48484848484848486
7921_02,0.06060606060606061
7923_01,0.5757575757575758
7925_01,1.0
7927_01,1.0
7927_02,1.0
7927_03,1.0
7928_01,0.2727272727272727
7931_01,0.06060606060606061
7932_01,0.2727272727272727
7933_01,1.0
7934_01,1.0
7934_02,1.0
7934_03,1.0
7938_01,0.18181818181818182
7942_01,0.030303030303030304
7942_02,1.0
7948_01,0.0
7951_01,1.0
7953_01,0.15151515151515152
7956_01,0.8181818181818182
7959_01,0.45454545454545453
7961_01,0.0
7963_01,0.2727272727272727
7963_02,0.30303030303030304
7963_03,0.7878787878787878
7964_01,1.0
7965_01,1.0
7966_01,0.030303030303030304
7969_01,1.0
7971_01,1.0
7971_02,0.0
7975_01,1.0
7977_01,1.0
7978_01,1.0
7978_02,0.030303030303030304
7979_01,0.030303030303030304
7980_01,0.0
7991_01,0.030303030303030304
7991_02,0.030303030303030304
7991_03,1.0
7991_04,0.696969696969697
7992_01,0.3939393939393939
7997_01,1.0
7998_01,0.3939393939393939
7998_02,1.0
7998_03,1.0
7998_04,1.0
8001_01,0.030303030303030304
8002_01,0.0
8008_01,0.0
8009_01,1.0
8011_01,1.0
8013_01,0.8939393939393939
8017_01,0.030303030303030304
8022_01,0.8484848484848485
8028_01,0.09090909090909091
8033_01,0.030303030303030304
8039_01,0.7878787878787878
8039_02,1.0
8040_01,1.0
8041_01,0.07575757575757576
8041_02,1.0
8044_01,1.0
8045_01,0.030303030303030304
8047_01,1.0
8048_01,0.36363636363636365
8051_01,1.0
8051_02,1.0
8061_01,0.7878787878787878
8061_02,0.6515151515151515
8062_01,0.0
8065_01,0.0
8070_01,0.030303030303030304
8073_01,1.0
8074_01,0.24242424242424243
8080_01,0.9090909090909091
8090_01,1.0
8093_01,0.0
8095_01,0.3939393939393939
8096_01,0.696969696969697
8099_01,1.0
8100_01,0.6515151515151515
8101_01,1.0
8104_01,0.6666666666666666
8109_01,0.18181818181818182
8110_01,0.030303030303030304
8111_01,1.0
8113_01,1.0
8113_02,1.0
8113_03,1.0
8113_04,0.030303030303030304
8114_01,0.8787878787878788
8125_01,1.0
8125_02,0.24242424242424243
8126_01,0.030303030303030304
8127_01,0.16666666666666666
8132_01,0.030303030303030304
8134_01,0.5757575757575758
8142_01,1.0
8145_01,0.7424242424242424
8146_01,1.0
8151_01,0.15151515151515152
8154_01,0.9696969696969697
8155_01,0.803030303030303
8160_01,0.06060606060606061
8163_01,1.0
8166_01,0.06060606060606061
8169_01,0.4696969696969697
8170_01,1.0
8172_01,1.0
8174_01,0.0
8179_01,1.0
8180_01,0.06060606060606061
8181_01,0.030303030303030304
8181_02,0.0
8181_03,1.0
8183_01,0.0
8184_01,0.09090909090909091
8185_01,0.15151515151515152
8187_01,0.06060606060606061
8188_01,0.030303030303030304
8193_01,1.0
8195_01,0.7878787878787878
8196_01,0.12121212121212122
8196_02,1.0
8198_01,1.0
8201_01,1.0
8206_01,0.0
8215_01,0.5151515151515151
8223_01,1.0
8228_01,0.030303030303030304
8230_01,0.0
8234_01,0.06060606060606061
8236_01,0.8484848484848485
8240_01,0.9242424242424242
8241_01,1.0
8245_01,1.0
8245_02,1.0
8246_01,1.0
8249_01,0.0
8250_01,1.0
8253_01,0.0
8256_01,0.24242424242424243
8258_01,0.0
8262_01,0.09090909090909091
8263_01,0.06060606060606061
8269_01,0.8787878787878788
8274_01,0.8181818181818182
8278_01,1.0
8283_01,1.0
8284_01,1.0
8284_02,0.7727272727272727
8285_01,0.06060606060606061
8286_01,1.0
8290_01,1.0
8293_01,0.0
8296_01,1.0
8299_01,0.0
8304_01,0.0
8304_02,1.0
8304_03,0.30303030303030304
8305_01,1.0
8305_02,1.0
8305_03,1.0
8308_01,0.0
8309_01,0.12121212121212122
8311_01,0.030303030303030304
8312_01,0.8484848484848485
8325_01,1.0
8325_02,0.0
8327_01,0.09090909090909091
8331_01,0.8484848484848485
8337_01,0.12121212121212122
8340_01,0.06060606060606061
8340_02,0.18181818181818182
8340_03,0.030303030303030304
8347_01,1.0
8349_01,0.030303030303030304
8350_01,0.0
8351_01,0.0
8352_01,0.09090909090909091
8353_01,0.030303030303030304
8355_01,1.0
8357_01,0.9696969696969697
8357_02,1.0
8358_01,0.06060606060606061
8359_01,0.030303030303030304
8361_01,0.0
8361_02,0.0
8361_03,1.0
8361_04,1.0
8361_05,0.5151515151515151
8364_01,1.0
8367_01,0.42424242424242425
8370_01,0.6666666666666666
8370_02,0.12121212121212122
8372_01,1.0
8385_01,1.0
8385_02,0.030303030303030304
8385_03,1.0
8387_01,0.7575757575757576
8389_01,1.0
8391_01,1.0
8396_01,0.030303030303030304
8399_01,0.0
8400_01,0.3939393939393939
8400_02,1.0
8400_03,0.030303030303030304
8402_01,1.0
8402_02,1.0
8402_03,1.0
8408_01,0.30303030303030304
8408_02,1.0
8412_01,0.8636363636363636
8413_01,1.0
8415_01,0.0
8417_01,0.5606060606060606
8422_01,0.0
8424_01,0.030303030303030304
8425_01,1.0
8425_02,1.0
8426_01,0.9393939393939394
8426_02,0.0
8428_01,0.9090909090909091
8434_01,1.0
8435_01,0.0
8436_01,0.07575757575757576
8439_01,1.0
8440_01,0.0
8440_02,1.0
8440_03,1.0
8443_01,1.0
8443_02,0.0
8445_01,1.0
8445_02,1.0
8445_03,1.0
8446_01,0.0
8450_01,1.0
8450_02,0.030303030303030304
8450_03,1.0
8453_01,0.7272727272727273
8455_01,0.09090909090909091
8461_01,0.2727272727272727
8464_01,0.0
8464_02,1.0
8473_01,1.0
8473_02,0.030303030303030304
8478_01,1.0
8478_02,0.0
8484_01,1.0
8485_01,1.0
8488_01,0.30303030303030304
8490_01,0.0
8496_01,0.09090909090909091
8497_01,1.0
8498_01,0.3939393939393939
8499_01,1.0
8501_01,1.0
8505_01,0.06060606060606061
8507_01,0.15151515151515152
8510_01,0.0
8510_02,1.0
8513_01,0.0
8515_01,0.06060606060606061
8517_01,0.06060606060606061
8517_02,1.0
8518_01,1.0
8519_01,0.6363636363636364
8520_01,0.0
8520_02,1.0
8525_01,0.45454545454545453
8525_02,1.0
8526_01,0.0
8526_02,0.7878787878787878
8527_01,1.0
8529_01,0.0
8531_01,1.0
8532_01,0.030303030303030304
8533_01,1.0
8534_01,0.8484848484848485
8534_02,1.0
8534_03,1.0
8534_04,0.12121212121212122
8538_01,0.030303030303030304
8543_01,0.9848484848484849
8543_02,1.0
8543_03,0.48484848484848486
8543_04,0.030303030303030304
8543_05,0.0
8543_06,0.06060606060606061
8543_07,0.696969696969697
8543_08,0.030303030303030304
8546_01,1.0
8547_01,0.06060606060606061
8550_01,0.0
8553_01,0.06060606060606061
8555_01,1.0
8555_02,0.7878787878787878
8555_03,1.0
8558_01,1.0
8562_01,0.3939393939393939
8563_01,0.0
8564_01,0.09090909090909091
8565_01,1.0
8565_02,1.0
8565_03,0.030303030303030304
8567_01,0.030303030303030304
8567_02,0.030303030303030304
8567_03,0.06060606060606061
8568_01,1.0
8568_02,1.0
8575_01,0.7575757575757576
8576_01,1.0
8578_01,0.0
8579_01,1.0
8582_01,1.0
8583_01,1.0
8583_02,1.0
8590_01,0.030303030303030304
8591_01,0.12121212121212122
8593_01,0.0
8600_01,1.0
8601_01,0.030303030303030304
8608_01,1.0
8621_01,0.9090909090909091
8622_01,0.0
8625_01,0.0
8627_01,0.0
8630_01,0.21212121212121213
8632_01,1.0
8632_02,1.0
8647_01,1.0
8648_01,1.0
8648_02,0.0
8648_03,1.0
8649_01,0.030303030303030304
8651_01,0.06060606060606061
8652_01,0.030303030303030304
8655_01,0.06060606060606061
8660_01,0.696969696969697
8662_01,0.6363636363636364
8665_01,1.0
8666_01,1.0
8676_01,0.8484848484848485
8677_01,0.0
8677_02,0.45454545454545453
8677_03,0.7272727272727273
8678_01,1.0
8678_02,0.09090909090909091
8679_01,1.0
8682_01,0.030303030303030304
8686_01,0.5757575757575758
8689_01,1.0
8690_01,0.030303030303030304
8690_02,0.15151515151515152
8692_01,1.0
8692_02,0.0
8692_03,1.0
8697_01,1.0
8698_01,0.9696969696969697
8699_01,1.0
8702_01,0.5454545454545454
8705_01,1.0
8706_01,0.0
8707_01,0.0
8711_01,0.06060606060606061
8713_01,0.030303030303030304
8713_02,1.0
8715_01,1.0
8718_01,0.0
8724_01,0.12121212121212122
8725_01,1.0
8726_01,1.0
8730_01,0.030303030303030304
8731_01,0.06060606060606061
8737_01,1.0
8738_01,1.0
8739_01,0.0
8740_01,0.0
8742_01,0.030303030303030304
8745_01,0.030303030303030304
8746_01,1.0
8747_01,0.7878787878787878
8747_02,0.0
8748_01,0.045454545454545456
8748_02,0.030303030303030304
8756_01,0.030303030303030304
8758_01,0.0
8758_02,0.36363636363636365
8761_01,0.0
8763_01,0.030303030303030304
8763_02,0.0
8763_03,1.0
8765_01,0.15151515151515152
8767_01,0.030303030303030304
8767_02,0.0
8768_01,0.24242424242424243
8768_02,0.7575757575757576
8768_03,0.030303030303030304
8775_01,1.0
8777_01,0.0
8778_01,1.0
8778_02,1.0
8784_01,0.030303030303030304
8788_01,0.0
8792_01,0.030303030303030304
8793_01,0.09090909090909091
8793_02,0.696969696969697
8793_03,1.0
8793_04,0.0
8793_05,1.0
8795_01,0.6666666666666666
8800_01,1.0
8800_02,1.0
8800_03,1.0
8800_04,0.7272727272727273
8800_05,1.0
8803_01,1.0
8804_01,1.0
8804_02,1.0
8804_03,1.0
8804_04,0.0
8804_05,0.0
8810_01,0.18181818181818182
8814_01,1.0
8829_01,0.7424242424242424
8832_01,0.12121212121212122
8837_01,0.06060606060606061
8839_01,0.5757575757575758
8839_02,0.45454545454545453
8846_01,0.15151515151515152
8846_02,0.06060606060606061
8847_01,1.0
8851_01,1.0
8855_01,0.0
8857_01,1.0
8859_01,0.0
8866_01,0.696969696969697
8870_01,1.0
8870_02,0.06060606060606061
8873_01,1.0
8873_02,0.09090909090909091
8873_03,1.0
8875_01,1.0
8875_02,0.06060606060606061
8875_03,1.0
8877_01,1.0
8877_02,1.0
8879_01,1.0
8882_01,0.0
8887_01,0.696969696969697
8888_01,0.09090909090909091
8893_01,1.0
8893_02,1.0
8895_01,1.0
8895_02,0.0
8898_01,0.030303030303030304
8908_01,1.0
8909_01,0.30303030303030304
8911_01,0.6666666666666666
8912_01,1.0
8913_01,1.0
8913_02,1.0
8913_03,1.0
8914_01,0.2727272727272727
8915_01,0.030303030303030304
8916_01,1.0
8917_01,1.0
8921_01,1.0
8924_01,1.0
8925_01,1.0
8925_02,1.0
8925_03,1.0
8925_04,0.7878787878787878
8925_05,1.0
8925_06,0.030303030303030304
8927_01,0.5757575757575758
8929_01,0.09090909090909091
8931_01,0.0
8933_01,1.0
8934_01,0.030303030303030304
8935_01,0.7424242424242424
8936_01,0.030303030303030304
8943_01,0.06060606060606061
8946_01,1.0
8949_01,0.030303030303030304
8950_01,0.030303030303030304
8951_01,0.030303030303030304
8952_01,0.0
8953_01,0.12121212121212122
8957_01,0.06060606060606061
8958_01,1.0
8960_01,1.0
8960_02,0.030303030303030304
8960_03,0.8484848484848485
8962_01,0.030303030303030304
8963_01,1.0
8965_01,0.030303030303030304
8971_01,0.8484848484848485
8974_01,1.0
8979_01,0.030303030303030304
8980_01,0.0
8980_02,0.030303030303030304
8980_03,1.0
8980_04,0.0
8980_05,0.0
8980_06,1.0
8980_07,1.0
8984_01,0.0
8990_01,1.0
8991_01,0.7424242424242424
8994_01,0.030303030303030304
8994_02,1.0
8995_01,0.030303030303030304
9000_01,0.030303030303030304
9002_01,0.06060606060606061
9005_01,1.0
9016_01,0.0
9016_02,0.06060606060606061
9016_03,0.0
9016_04,1.0
9016_05,0.030303030303030304
9017_01,1.0
9022_01,0.030303030303030304
9022_02,1.0
9022_03,1.0
9025_01,0.0
9025_02,1.0
9027_01,0.030303030303030304
9033_01,1.0
9039_01,1.0
9040_01,0.030303030303030304
9044_01,0.0
9045_01,0.0
9045_02,0.6666666666666666
9047_01,0.9696969696969697
9050_01,1.0
9051_01,0.06060606060606061
9053_01,0.7878787878787878
9053_02,0.7878787878787878
9054_01,1.0
9055_01,0.12121212121212122
9056_01,0.030303030303030304
9058_01,0.09090909090909091
9062_01,0.12121212121212122
9062_02,1.0
9063_01,1.0
9065_01,1.0
9067_01,0.0
9067_02,1.0
9070_01,0.030303030303030304
9070_02,0.7575757575757576
9082_01,0.0
9083_01,1.0
9083_02,1.0
9086_01,0.8484848484848485
9086_02,0.12121212121212122
9087_01,0.0
9088_01,0.9696969696969697
9090_01,0.0
9091_01,1.0
9092_01,0.030303030303030304
9093_01,0.0
9095_01,0.48484848484848486
9096_01,1.0
9096_02,1.0
9100_01,0.0
9102_01,1.0
9105_01,1.0
9109_01,1.0
9113_01,1.0
9117_01,0.0
9121_01,1.0
9123_01,1.0
9133_01,1.0
9135_01,0.0
9138_01,0.030303030303030304
9143_01,0.0
9143_02,0.0
9143_03,0.0
9146_01,0.0
9146_02,0.030303030303030304
9146_03,1.0
9147_01,1.0
9153_01,0.7424242424242424
9154_01,1.0
9155_01,0.15151515151515152
9155_02,0.06060606060606061
9155_03,1.0
9155_04,1.0
9162_01,1.0
9162_02,0.0
9162_03,0.030303030303030304
9166_01,1.0
9171_01,0.2727272727272727
9177_01,1.0
9177_02,1.0
9182_01,0.0
9187_01,0.6666666666666666
9187_02,0.030303030303030304
9191_01,1.0
9198_01,0.06060606060606061
9200_01,0.0
9204_01,0.06060606060606061
9206_01,0.6666666666666666
9206_02,0.0
9206_03,1.0
9207_01,0.3333333333333333
9209_01,0.5454545454545454
9210_01,0.0
9212_01,0.06060606060606061
9212_02,1.0
9214_01,0.0
9215_01,1.0
9216_01,0.0
9223_01,1.0
9223_02,1.0
9228_01,0.030303030303030304
9229_01,0.3939393939393939
9232_01,0.030303030303030304
9236_01,1.0
9238_01,1.0
9238_02,0.7878787878787878
9238_03,1.0
9238_04,0.0
9238_05,1.0
9238_06,1.0
9238_07,0.030303030303030304
9240_01,0.015151515151515152
9243_01,0.48484848484848486
9245_01,0.0
9249_01,0.696969696969697
9255_01,0.9090909090909091
9258_01,1.0
9260_01,1.0
9262_01,0.6060606060606061
9263_01,1.0
9265_01,0.9696969696969697
9266_01,0.9696969696969697
9266_02,1.0
9269_01,0.24242424242424243
9271_01,1.0
9273_01,0.42424242424242425
9277_01,1.0
